dealer_id,dealer_name,contact_person,phone,email,district,sub_region,cluster_id,credit_limit_inr,preferred_language,status
DLR-REG-1001,Kisan Sahay Krushi Kendra (Ankleshwar),Kishor Panchal,+91 98003 39256,dealer_1001@gmail.com,Bharuch,Ankleshwar,GJ-SOUTH-02,200000,Hindi,Active
DLR-REG-1002,Kisan Sahay Krushi Kendra (Dhoraji),Hasmukh Patel,+91 97895 40495,dealer_1002@agrosphere.ai,Rajkot,Dhoraji,GJ-SAURASHTRA-01,1000000,Gujarati,Active
DLR-REG-1003,Bharat Krushi Krushi Kendra (Mandvi),Mukesh Chauhan,+91 98839 87236,dealer_1003@kisanagro.in,Surat,Mandvi,GJ-SOUTH-01,200000,Gujarati,Active
DLR-REG-1004,Krushi Vikas Krushi Kendra (Hansot),Ramesh Donga,+91 97881 54118,dealer_1004@gmail.com,Bharuch,Hansot,GJ-SOUTH-02,200000,English,Active
DLR-REG-1005,Krushi Vikas Krushi Kendra (Jasdan),Kishor Pandya,+91 97177 70217,dealer_1005@agrosphere.ai,Rajkot,Jasdan,GJ-SAURASHTRA-01,200000,English,Active
DLR-REG-1006,Vrundavan Krushi Kendra (Jasdan),Bharat Parmar,+91 99364 35203,dealer_1006@agrosphere.ai,Rajkot,Jasdan,GJ-SAURASHTRA-01,200000,Gujarati,Active
DLR-REG-1007,Patel Agro Krushi Kendra (Jambusar),Mukesh Sharma,+91 97413 59823,dealer_1007@kisanagro.in,Bharuch,Jambusar,GJ-SOUTH-02,750000,Gujarati,Active
DLR-REG-1008,Krushi Vikas Krushi Kendra (Visavadar),Kishor Savaliya,+91 99874 99593,dealer_1008@agrosphere.ai,Junagadh,Visavadar,GJ-SAURASHTRA-02,200000,Hindi,Active
DLR-REG-1009,Bharat Krushi Krushi Kendra (Jambusar),Mukesh Panchal,+91 97669 70589,dealer_1009@kisanagro.in,Bharuch,Jambusar,GJ-SOUTH-02,500000,Hindi,Active
DLR-REG-1010,Kisan Sahay Krushi Kendra (Visavadar),Pravin Savaliya,+91 98292 62581,dealer_1010@kisanagro.in,Junagadh,Visavadar,GJ-SAURASHTRA-02,200000,Gujarati,Active
DLR-REG-1011,Navjivan Krushi Kendra (Olpad),Dinesh Gohil,+91 98620 94259,dealer_1011@kisanagro.in,Surat,Olpad,GJ-SOUTH-01,350000,Gujarati,Active
DLR-REG-1012,Bharat Krushi Krushi Kendra (Manavadar),Kishor Shah,+91 99394 66155,dealer_1012@agrosphere.ai,Junagadh,Manavadar,GJ-SAURASHTRA-02,750000,Gujarati,Active
DLR-REG-1013,Bharat Krushi Krushi Kendra (Manavadar),Hasmukh Desai,+91 97192 24371,dealer_1013@gmail.com,Junagadh,Manavadar,GJ-SAURASHTRA-02,350000,English,Active
DLR-REG-1014,Green Earth Krushi Kendra (Bardoli),Dinesh Chauhan,+91 99167 42953,dealer_1014@agrosphere.ai,Surat,Bardoli,GJ-SOUTH-01,200000,Gujarati,Active
DLR-REG-1015,Krushi Vikas Krushi Kendra (Amod),Kishor Sharma,+91 98780 30730,dealer_1015@kisanagro.in,Bharuch,Amod,GJ-SOUTH-02,200000,Gujarati,Active
DLR-REG-1016,Bharat Krushi Krushi Kendra (Mandvi),Kishor Sharma,+91 99617 76540,dealer_1016@agrosphere.ai,Surat,Mandvi,GJ-SOUTH-01,350000,Gujarati,Active
DLR-REG-1017,Bharat Krushi Krushi Kendra (Karjan),Pravin Zala,+91 99453 52487,dealer_1017@kisanagro.in,Vadodara,Karjan,GJ-CENTRAL-01,200000,Gujarati,Active
DLR-REG-1018,Navjivan Krushi Kendra (Savli),Mukesh Patel,+91 99323 20322,dealer_1018@gmail.com,Vadodara,Savli,GJ-CENTRAL-01,750000,Gujarati,Active
DLR-REG-1019,Shree Ram Krushi Kendra (Visnagar),Dinesh Gohil,+91 99251 31643,dealer_1019@kisanagro.in,Mehsana,Visnagar,GJ-NORTH-01,1000000,Hindi,Active
DLR-REG-1020,Bharat Krushi Krushi Kendra (Borsad),Mukesh Zala,+91 99920 50857,dealer_1020@kisanagro.in,Anand,Borsad,GJ-CENTRAL-02,500000,English,Active
DLR-REG-1021,Agro Care Krushi Kendra (Mahuva),Mukesh Savaliya,+91 97262 54313,dealer_1021@gmail.com,Surat,Mahuva,GJ-SOUTH-01,1000000,Hindi,Active
DLR-REG-1022,Kisan Sahay Krushi Kendra (Manavadar),Pravin Sharma,+91 97937 18834,dealer_1022@gmail.com,Junagadh,Manavadar,GJ-SAURASHTRA-02,500000,Gujarati,Active
DLR-REG-1023,Patel Agro Krushi Kendra (Mandvi),Dinesh Gohil,+91 97877 80678,dealer_1023@gmail.com,Surat,Mandvi,GJ-SOUTH-01,1000000,Hindi,Active
DLR-REG-1024,Kisan Seva Krushi Kendra (Borsad),Haresh Zala,+91 97779 22363,dealer_1024@gmail.com,Anand,Borsad,GJ-CENTRAL-02,750000,Gujarati,Active
DLR-REG-1025,Kisan Seva Krushi Kendra (Umreth),Pravin Parmar,+91 99758 95649,dealer_1025@agrosphere.ai,Anand,Umreth,GJ-CENTRAL-02,200000,Gujarati,Active
DLR-REG-1026,Agro Care Krushi Kendra (Khambhat),Mukesh Savaliya,+91 97779 80292,dealer_1026@kisanagro.in,Anand,Khambhat,GJ-CENTRAL-02,350000,English,Active
DLR-REG-1027,Kisan Seva Krushi Kendra (Visavadar),Hasmukh Savaliya,+91 98815 82132,dealer_1027@gmail.com,Junagadh,Visavadar,GJ-SAURASHTRA-02,200000,Hindi,Active
DLR-REG-1028,Agro Care Krushi Kendra (Kadi),Mukesh Zala,+91 97681 63269,dealer_1028@kisanagro.in,Mehsana,Kadi,GJ-NORTH-01,750000,Gujarati,Active
DLR-REG-1029,Kisan Sahay Krushi Kendra (Vijapur),Haresh Gajera,+91 97008 61173,dealer_1029@kisanagro.in,Mehsana,Vijapur,GJ-NORTH-01,750000,Gujarati,Active
DLR-REG-1030,Kisan Seva Krushi Kendra (Tarapur),Mukesh Gajera,+91 98215 38534,dealer_1030@gmail.com,Anand,Tarapur,GJ-CENTRAL-02,1000000,Hindi,Active
DLR-REG-1031,Kisan Sahay Krushi Kendra (Jasdan),Dinesh Patel,+91 99059 79615,dealer_1031@gmail.com,Rajkot,Jasdan,GJ-SAURASHTRA-01,200000,Hindi,Active
DLR-REG-1032,Agro Care Krushi Kendra (Jetpur),Hasmukh Pandya,+91 99765 40828,dealer_1032@kisanagro.in,Rajkot,Jetpur,GJ-SAURASHTRA-01,200000,Hindi,Active
DLR-REG-1033,Vrundavan Krushi Kendra (Keshod),Haresh Sharma,+91 99692 86503,dealer_1033@agrosphere.ai,Junagadh,Keshod,GJ-SAURASHTRA-02,1000000,Gujarati,Active
DLR-REG-1034,Krushi Vikas Krushi Kendra (Karjan),Kishor Savaliya,+91 98621 27154,dealer_1034@agrosphere.ai,Vadodara,Karjan,GJ-CENTRAL-01,500000,English,Active
DLR-REG-1035,Kisan Sahay Krushi Kendra (Padra),Hasmukh Desai,+91 97300 80468,dealer_1035@gmail.com,Vadodara,Padra,GJ-CENTRAL-01,1000000,Gujarati,Active
DLR-REG-1036,Agro Care Krushi Kendra (Visavadar),Bharat Savaliya,+91 98167 30676,dealer_1036@kisanagro.in,Junagadh,Visavadar,GJ-SAURASHTRA-02,1000000,Gujarati,Active
DLR-REG-1037,Bharat Krushi Krushi Kendra (Bardoli),Hasmukh Donga,+91 97550 44664,dealer_1037@gmail.com,Surat,Bardoli,GJ-SOUTH-01,200000,Hindi,Active
DLR-REG-1038,Patel Agro Krushi Kendra (Visavadar),Mukesh Pandya,+91 99939 54942,dealer_1038@gmail.com,Junagadh,Visavadar,GJ-SAURASHTRA-02,500000,Hindi,Active
DLR-REG-1039,Kisan Sahay Krushi Kendra (Khambhat),Haresh Sharma,+91 98133 15778,dealer_1039@gmail.com,Anand,Khambhat,GJ-CENTRAL-02,500000,Gujarati,Active
DLR-REG-1040,Shree Ram Krushi Kendra (Amod),Dinesh Panchal,+91 99259 66057,dealer_1040@agrosphere.ai,Bharuch,Amod,GJ-SOUTH-02,200000,Gujarati,Active
DLR-REG-1041,Bharat Krushi Krushi Kendra (Jetpur),Bharat Patel,+91 99385 82420,dealer_1041@gmail.com,Rajkot,Jetpur,GJ-SAURASHTRA-01,750000,Gujarati,Active
DLR-REG-1042,Krushi Vikas Krushi Kendra (Jasdan),Pravin Zala,+91 98465 37535,dealer_1042@agrosphere.ai,Rajkot,Jasdan,GJ-SAURASHTRA-01,350000,Gujarati,Active
DLR-REG-1043,Green Earth Krushi Kendra (Waghodia),Ramesh Pandya,+91 97969 31299,dealer_1043@gmail.com,Vadodara,Waghodia,GJ-CENTRAL-01,750000,Gujarati,Active
DLR-REG-1044,Green Earth Krushi Kendra (Visavadar),Mukesh Zala,+91 98092 30866,dealer_1044@agrosphere.ai,Junagadh,Visavadar,GJ-SAURASHTRA-02,200000,English,Active
DLR-REG-1045,Kisan Seva Krushi Kendra (Kadi),Mukesh Savaliya,+91 98885 55830,dealer_1045@kisanagro.in,Mehsana,Kadi,GJ-NORTH-01,350000,Gujarati,Active
DLR-REG-1046,Green Earth Krushi Kendra (Jetpur),Kishor Verma,+91 97284 46585,dealer_1046@kisanagro.in,Rajkot,Jetpur,GJ-SAURASHTRA-01,1000000,English,Active
DLR-REG-1047,Kisan Sahay Krushi Kendra (Amod),Kishor Sharma,+91 97731 86099,dealer_1047@kisanagro.in,Bharuch,Amod,GJ-SOUTH-02,200000,Gujarati,Active
DLR-REG-1048,Krushi Vikas Krushi Kendra (Mahuva),Bharat Panchal,+91 98787 89457,dealer_1048@agrosphere.ai,Surat,Mahuva,GJ-SOUTH-01,200000,English,Active
DLR-REG-1049,Patel Agro Krushi Kendra (Mandvi),Haresh Patel,+91 97006 78146,dealer_1049@agrosphere.ai,Surat,Mandvi,GJ-SOUTH-01,350000,Gujarati,Active
DLR-REG-1050,Krushi Vikas Krushi Kendra (Petlad),Bharat Pandya,+91 99717 26334,dealer_1050@agrosphere.ai,Anand,Petlad,GJ-CENTRAL-02,500000,Hindi,Active
DLR-REG-1051,Krushi Vikas Krushi Kendra (Dabhoi),Kishor Chauhan,+91 99270 26683,dealer_1051@gmail.com,Vadodara,Dabhoi,GJ-CENTRAL-01,750000,English,Active
DLR-REG-1052,Vrundavan Krushi Kendra (Jambusar),Kishor Pandya,+91 98663 81819,dealer_1052@gmail.com,Bharuch,Jambusar,GJ-SOUTH-02,500000,Gujarati,Active
DLR-REG-1053,Vrundavan Krushi Kendra (Una),Bharat Pandya,+91 98904 67905,dealer_1053@kisanagro.in,Junagadh,Una,GJ-SAURASHTRA-02,350000,Hindi,Active
DLR-REG-1054,Agro Care Krushi Kendra (Borsad),Bharat Donga,+91 97382 40784,dealer_1054@agrosphere.ai,Anand,Borsad,GJ-CENTRAL-02,500000,Gujarati,Active
DLR-REG-1055,Shree Ram Krushi Kendra (Visnagar),Pravin Patel,+91 98002 72277,dealer_1055@agrosphere.ai,Mehsana,Visnagar,GJ-NORTH-01,200000,English,Active
DLR-REG-1056,Navjivan Krushi Kendra (Tarapur),Haresh Panchal,+91 99024 62383,dealer_1056@gmail.com,Anand,Tarapur,GJ-CENTRAL-02,350000,Gujarati,Active
DLR-REG-1057,Green Earth Krushi Kendra (Kadi),Ramesh Savaliya,+91 99850 77889,dealer_1057@kisanagro.in,Mehsana,Kadi,GJ-NORTH-01,200000,Hindi,Active
DLR-REG-1058,Kisan Seva Krushi Kendra (Keshod),Dinesh Gajera,+91 99734 79616,dealer_1058@agrosphere.ai,Junagadh,Keshod,GJ-SAURASHTRA-02,1000000,Gujarati,Active
DLR-REG-1059,Vrundavan Krushi Kendra (Vijapur),Haresh Parmar,+91 99244 68446,dealer_1059@gmail.com,Mehsana,Vijapur,GJ-NORTH-01,750000,English,Active
DLR-REG-1060,Patel Agro Krushi Kendra (Karjan),Dinesh Zala,+91 99567 41358,dealer_1060@kisanagro.in,Vadodara,Karjan,GJ-CENTRAL-01,750000,Gujarati,Active
DLR-REG-1061,Navjivan Krushi Kendra (Amod),Bharat Donga,+91 98309 80798,dealer_1061@gmail.com,Bharuch,Amod,GJ-SOUTH-02,350000,Gujarati,Active
DLR-REG-1062,Shree Ram Krushi Kendra (Una),Mukesh Panchal,+91 97263 64377,dealer_1062@kisanagro.in,Junagadh,Una,GJ-SAURASHTRA-02,500000,Hindi,Active
DLR-REG-1063,Kisan Sahay Krushi Kendra (Umreth),Haresh Savaliya,+91 98595 86556,dealer_1063@agrosphere.ai,Anand,Umreth,GJ-CENTRAL-02,200000,Hindi,Active
DLR-REG-1064,Kisan Sahay Krushi Kendra (Umreth),Kishor Verma,+91 98597 64921,dealer_1064@agrosphere.ai,Anand,Umreth,GJ-CENTRAL-02,1000000,Hindi,Active
DLR-REG-1065,Navjivan Krushi Kendra (Una),Haresh Donga,+91 98989 13804,dealer_1065@kisanagro.in,Junagadh,Una,GJ-SAURASHTRA-02,500000,English,Active
DLR-REG-1066,Kisan Seva Krushi Kendra (Jambusar),Pravin Gajera,+91 98613 87580,dealer_1066@agrosphere.ai,Bharuch,Jambusar,GJ-SOUTH-02,200000,Gujarati,Active
DLR-REG-1067,Shree Ram Krushi Kendra (Hansot),Dinesh Parmar,+91 97744 16590,dealer_1067@kisanagro.in,Bharuch,Hansot,GJ-SOUTH-02,750000,Gujarati,Active
DLR-REG-1068,Krushi Vikas Krushi Kendra (Una),Haresh Verma,+91 98139 65255,dealer_1068@kisanagro.in,Junagadh,Una,GJ-SAURASHTRA-02,200000,English,Active
DLR-REG-1069,Krushi Vikas Krushi Kendra (Gondal),Hasmukh Savaliya,+91 99669 15276,dealer_1069@gmail.com,Rajkot,Gondal,GJ-SAURASHTRA-01,350000,Gujarati,Active
DLR-REG-1070,Vrundavan Krushi Kendra (Kadi),Mukesh Gajera,+91 97517 72070,dealer_1070@agrosphere.ai,Mehsana,Kadi,GJ-NORTH-01,200000,Hindi,Active
DLR-REG-1071,Patel Agro Krushi Kendra (Una),Bharat Zala,+91 97687 89415,dealer_1071@agrosphere.ai,Junagadh,Una,GJ-SAURASHTRA-02,200000,Gujarati,Active
DLR-REG-1072,Vrundavan Krushi Kendra (Padra),Kishor Patel,+91 99358 98781,dealer_1072@kisanagro.in,Vadodara,Padra,GJ-CENTRAL-01,750000,Gujarati,Active
DLR-REG-1073,Agro Care Krushi Kendra (Jetpur),Kishor Panchal,+91 99802 88697,dealer_1073@gmail.com,Rajkot,Jetpur,GJ-SAURASHTRA-01,1000000,Gujarati,Active
DLR-REG-1074,Green Earth Krushi Kendra (Waghodia),Bharat Gohil,+91 97282 76317,dealer_1074@agrosphere.ai,Vadodara,Waghodia,GJ-CENTRAL-01,500000,Gujarati,Active
DLR-REG-1075,Kisan Seva Krushi Kendra (Vijapur),Haresh Sharma,+91 98483 93307,dealer_1075@kisanagro.in,Mehsana,Vijapur,GJ-NORTH-01,350000,English,Active
DLR-REG-1076,Vrundavan Krushi Kendra (Visavadar),Dinesh Zala,+91 98904 67091,dealer_1076@agrosphere.ai,Junagadh,Visavadar,GJ-SAURASHTRA-02,1000000,Gujarati,Active
DLR-REG-1077,Agro Care Krushi Kendra (Karjan),Dinesh Donga,+91 97998 70910,dealer_1077@agrosphere.ai,Vadodara,Karjan,GJ-CENTRAL-01,1000000,English,Active
DLR-REG-1078,Kisan Seva Krushi Kendra (Padra),Bharat Parmar,+91 97744 73904,dealer_1078@gmail.com,Vadodara,Padra,GJ-CENTRAL-01,500000,Gujarati,Active
DLR-REG-1079,Vrundavan Krushi Kendra (Savli),Kishor Panchal,+91 99276 11330,dealer_1079@agrosphere.ai,Vadodara,Savli,GJ-CENTRAL-01,350000,Gujarati,Active
DLR-REG-1080,Kisan Seva Krushi Kendra (Una),Mukesh Shah,+91 99828 72402,dealer_1080@agrosphere.ai,Junagadh,Una,GJ-SAURASHTRA-02,750000,English,Active
DLR-REG-1081,Agro Care Krushi Kendra (Kadi),Mukesh Donga,+91 98656 41890,dealer_1081@kisanagro.in,Mehsana,Kadi,GJ-NORTH-01,1000000,Gujarati,Active
DLR-REG-1082,Bharat Krushi Krushi Kendra (Tarapur),Haresh Verma,+91 99254 53357,dealer_1082@kisanagro.in,Anand,Tarapur,GJ-CENTRAL-02,750000,Gujarati,Active
DLR-REG-1083,Navjivan Krushi Kendra (Savli),Mukesh Sharma,+91 98292 25670,dealer_1083@agrosphere.ai,Vadodara,Savli,GJ-CENTRAL-01,1000000,Gujarati,Active
DLR-REG-1084,Kisan Seva Krushi Kendra (Manavadar),Kishor Donga,+91 97411 35443,dealer_1084@kisanagro.in,Junagadh,Manavadar,GJ-SAURASHTRA-02,350000,Gujarati,Active
DLR-REG-1085,Kisan Sahay Krushi Kendra (Visavadar),Ramesh Panchal,+91 98123 15965,dealer_1085@gmail.com,Junagadh,Visavadar,GJ-SAURASHTRA-02,1000000,Gujarati,Active
DLR-REG-1086,Kisan Seva Krushi Kendra (Jambusar),Pravin Sharma,+91 99351 47268,dealer_1086@kisanagro.in,Bharuch,Jambusar,GJ-SOUTH-02,750000,English,Active
DLR-REG-1087,Kisan Sahay Krushi Kendra (Karjan),Dinesh Donga,+91 97467 18564,dealer_1087@kisanagro.in,Vadodara,Karjan,GJ-CENTRAL-01,750000,Gujarati,Active
DLR-REG-1088,Shree Ram Krushi Kendra (Bardoli),Kishor Gajera,+91 97348 42530,dealer_1088@gmail.com,Surat,Bardoli,GJ-SOUTH-01,1000000,English,Active
DLR-REG-1089,Bharat Krushi Krushi Kendra (Mandvi),Dinesh Chauhan,+91 98813 48974,dealer_1089@agrosphere.ai,Surat,Mandvi,GJ-SOUTH-01,750000,Gujarati,Active
DLR-REG-1090,Vrundavan Krushi Kendra (Bardoli),Hasmukh Panchal,+91 97851 91987,dealer_1090@gmail.com,Surat,Bardoli,GJ-SOUTH-01,500000,Gujarati,Active
DLR-REG-1091,Shree Ram Krushi Kendra (Manavadar),Hasmukh Shah,+91 97641 10350,dealer_1091@kisanagro.in,Junagadh,Manavadar,GJ-SAURASHTRA-02,750000,Hindi,Active
DLR-REG-1092,Kisan Sahay Krushi Kendra (Khambhat),Kishor Savaliya,+91 99895 47056,dealer_1092@agrosphere.ai,Anand,Khambhat,GJ-CENTRAL-02,750000,Gujarati,Active
DLR-REG-1093,Patel Agro Krushi Kendra (Jambusar),Mukesh Zala,+91 98741 25043,dealer_1093@agrosphere.ai,Bharuch,Jambusar,GJ-SOUTH-02,350000,Gujarati,Active
DLR-REG-1094,Agro Care Krushi Kendra (Karjan),Ramesh Patel,+91 98259 87993,dealer_1094@agrosphere.ai,Vadodara,Karjan,GJ-CENTRAL-01,1000000,Gujarati,Active
DLR-REG-1095,Kisan Seva Krushi Kendra (Petlad),Kishor Panchal,+91 99866 62757,dealer_1095@kisanagro.in,Anand,Petlad,GJ-CENTRAL-02,1000000,Hindi,Active
DLR-REG-1096,Agro Care Krushi Kendra (Umreth),Pravin Pandya,+91 98769 52247,dealer_1096@agrosphere.ai,Anand,Umreth,GJ-CENTRAL-02,500000,Gujarati,Active
DLR-REG-1097,Vrundavan Krushi Kendra (Jetpur),Pravin Pandya,+91 99753 45325,dealer_1097@agrosphere.ai,Rajkot,Jetpur,GJ-SAURASHTRA-01,200000,Gujarati,Active
DLR-REG-1098,Kisan Seva Krushi Kendra (Tarapur),Ramesh Donga,+91 99397 67132,dealer_1098@agrosphere.ai,Anand,Tarapur,GJ-CENTRAL-02,750000,Gujarati,Active
DLR-REG-1099,Green Earth Krushi Kendra (Khambhat),Bharat Verma,+91 99744 23710,dealer_1099@gmail.com,Anand,Khambhat,GJ-CENTRAL-02,500000,English,Active
DLR-REG-1100,Patel Agro Krushi Kendra (Hansot),Haresh Gohil,+91 99253 14809,dealer_1100@kisanagro.in,Bharuch,Hansot,GJ-SOUTH-02,200000,Gujarati,Active
DLR-REG-1101,Agro Care Krushi Kendra (Savli),Haresh Zala,+91 99107 10150,dealer_1101@agrosphere.ai,Vadodara,Savli,GJ-CENTRAL-01,1000000,English,Active
DLR-REG-1102,Navjivan Krushi Kendra (Petlad),Bharat Shah,+91 99550 75338,dealer_1102@agrosphere.ai,Anand,Petlad,GJ-CENTRAL-02,750000,Gujarati,Active
DLR-REG-1103,Bharat Krushi Krushi Kendra (Visavadar),Kishor Gajera,+91 98794 73532,dealer_1103@gmail.com,Junagadh,Visavadar,GJ-SAURASHTRA-02,200000,Hindi,Active
DLR-REG-1104,Shree Ram Krushi Kendra (Visnagar),Pravin Donga,+91 99262 63476,dealer_1104@gmail.com,Mehsana,Visnagar,GJ-NORTH-01,350000,Gujarati,Active
DLR-REG-1105,Shree Ram Krushi Kendra (Petlad),Kishor Desai,+91 99084 45838,dealer_1105@kisanagro.in,Anand,Petlad,GJ-CENTRAL-02,750000,English,Active
DLR-REG-1106,Bharat Krushi Krushi Kendra (Una),Haresh Gajera,+91 97780 88561,dealer_1106@agrosphere.ai,Junagadh,Una,GJ-SAURASHTRA-02,350000,Gujarati,Active
DLR-REG-1107,Krushi Vikas Krushi Kendra (Dabhoi),Kishor Zala,+91 97010 47072,dealer_1107@agrosphere.ai,Vadodara,Dabhoi,GJ-CENTRAL-01,500000,Hindi,Active
DLR-REG-1108,Shree Ram Krushi Kendra (Mahuva),Dinesh Desai,+91 98413 53573,dealer_1108@agrosphere.ai,Surat,Mahuva,GJ-SOUTH-01,1000000,English,Active
DLR-REG-1109,Navjivan Krushi Kendra (Khambhat),Mukesh Panchal,+91 99342 60196,dealer_1109@gmail.com,Anand,Khambhat,GJ-CENTRAL-02,750000,Gujarati,Active
DLR-REG-1110,Green Earth Krushi Kendra (Dabhoi),Ramesh Chauhan,+91 99028 14852,dealer_1110@gmail.com,Vadodara,Dabhoi,GJ-CENTRAL-01,1000000,Hindi,Active
DLR-REG-1111,Kisan Seva Krushi Kendra (Padra),Dinesh Sharma,+91 97062 28894,dealer_1111@kisanagro.in,Vadodara,Padra,GJ-CENTRAL-01,350000,Gujarati,Active
DLR-REG-1112,Krushi Vikas Krushi Kendra (Khambhat),Haresh Pandya,+91 99661 20527,dealer_1112@kisanagro.in,Anand,Khambhat,GJ-CENTRAL-02,1000000,English,Active
DLR-REG-1113,Bharat Krushi Krushi Kendra (Dabhoi),Hasmukh Patel,+91 97961 92727,dealer_1113@agrosphere.ai,Vadodara,Dabhoi,GJ-CENTRAL-01,500000,Gujarati,Active
DLR-REG-1114,Green Earth Krushi Kendra (Ankleshwar),Hasmukh Sharma,+91 98817 31805,dealer_1114@agrosphere.ai,Bharuch,Ankleshwar,GJ-SOUTH-02,500000,Gujarati,Active
DLR-REG-1115,Kisan Sahay Krushi Kendra (Jasdan),Bharat Donga,+91 98535 66450,dealer_1115@gmail.com,Rajkot,Jasdan,GJ-SAURASHTRA-01,350000,Hindi,Active
DLR-REG-1116,Shree Ram Krushi Kendra (Tarapur),Ramesh Gajera,+91 97323 89887,dealer_1116@kisanagro.in,Anand,Tarapur,GJ-CENTRAL-02,1000000,Gujarati,Active
DLR-REG-1117,Shree Ram Krushi Kendra (Tarapur),Dinesh Savaliya,+91 99612 43289,dealer_1117@kisanagro.in,Anand,Tarapur,GJ-CENTRAL-02,500000,Gujarati,Active
DLR-REG-1118,Patel Agro Krushi Kendra (Vijapur),Ramesh Gohil,+91 97302 67898,dealer_1118@kisanagro.in,Mehsana,Vijapur,GJ-NORTH-01,1000000,Gujarati,Active
DLR-REG-1119,Patel Agro Krushi Kendra (Hansot),Kishor Desai,+91 97815 60422,dealer_1119@kisanagro.in,Bharuch,Hansot,GJ-SOUTH-02,200000,Gujarati,Active
DLR-REG-1120,Krushi Vikas Krushi Kendra (Tarapur),Kishor Pandya,+91 99864 48696,dealer_1120@gmail.com,Anand,Tarapur,GJ-CENTRAL-02,750000,Gujarati,Active
DLR-REG-1121,Vrundavan Krushi Kendra (Gondal),Dinesh Panchal,+91 98172 40162,dealer_1121@agrosphere.ai,Rajkot,Gondal,GJ-SAURASHTRA-01,500000,Gujarati,Active
DLR-REG-1122,Vrundavan Krushi Kendra (Jambusar),Ramesh Donga,+91 99573 22735,dealer_1122@agrosphere.ai,Bharuch,Jambusar,GJ-SOUTH-02,200000,Gujarati,Active
DLR-REG-1123,Kisan Sahay Krushi Kendra (Vijapur),Bharat Pandya,+91 99999 27224,dealer_1123@gmail.com,Mehsana,Vijapur,GJ-NORTH-01,500000,Gujarati,Active
DLR-REG-1124,Shree Ram Krushi Kendra (Hansot),Ramesh Savaliya,+91 99209 57953,dealer_1124@agrosphere.ai,Bharuch,Hansot,GJ-SOUTH-02,1000000,Gujarati,Active
DLR-REG-1125,Patel Agro Krushi Kendra (Visnagar),Dinesh Parmar,+91 98208 54396,dealer_1125@gmail.com,Mehsana,Visnagar,GJ-NORTH-01,750000,Gujarati,Active
DLR-REG-1126,Green Earth Krushi Kendra (Manavadar),Bharat Parmar,+91 97369 61717,dealer_1126@gmail.com,Junagadh,Manavadar,GJ-SAURASHTRA-02,500000,Hindi,Active
DLR-REG-1127,Krushi Vikas Krushi Kendra (Dhoraji),Kishor Gohil,+91 99394 59941,dealer_1127@agrosphere.ai,Rajkot,Dhoraji,GJ-SAURASHTRA-01,500000,Gujarati,Active
DLR-REG-1128,Kisan Seva Krushi Kendra (Jambusar),Bharat Patel,+91 99498 39015,dealer_1128@agrosphere.ai,Bharuch,Jambusar,GJ-SOUTH-02,200000,English,Active
DLR-REG-1129,Green Earth Krushi Kendra (Amod),Ramesh Sharma,+91 97185 14877,dealer_1129@kisanagro.in,Bharuch,Amod,GJ-SOUTH-02,750000,Gujarati,Active
DLR-REG-1130,Bharat Krushi Krushi Kendra (Jetpur),Haresh Gajera,+91 98858 58629,dealer_1130@agrosphere.ai,Rajkot,Jetpur,GJ-SAURASHTRA-01,1000000,English,Active
DLR-REG-1131,Green Earth Krushi Kendra (Mandvi),Hasmukh Gohil,+91 99004 90694,dealer_1131@kisanagro.in,Surat,Mandvi,GJ-SOUTH-01,500000,Gujarati,Active
DLR-REG-1132,Navjivan Krushi Kendra (Amod),Dinesh Desai,+91 97967 57537,dealer_1132@gmail.com,Bharuch,Amod,GJ-SOUTH-02,500000,Hindi,Active
DLR-REG-1133,Kisan Sahay Krushi Kendra (Amod),Kishor Chauhan,+91 97777 26011,dealer_1133@kisanagro.in,Bharuch,Amod,GJ-SOUTH-02,200000,Gujarati,Active
DLR-REG-1134,Kisan Sahay Krushi Kendra (Ankleshwar),Bharat Zala,+91 97997 26505,dealer_1134@agrosphere.ai,Bharuch,Ankleshwar,GJ-SOUTH-02,350000,Gujarati,Active
DLR-REG-1135,Vrundavan Krushi Kendra (Visnagar),Mukesh Savaliya,+91 98345 29340,dealer_1135@agrosphere.ai,Mehsana,Visnagar,GJ-NORTH-01,200000,Gujarati,Active
DLR-REG-1136,Shree Ram Krushi Kendra (Visnagar),Kishor Shah,+91 97714 24408,dealer_1136@agrosphere.ai,Mehsana,Visnagar,GJ-NORTH-01,200000,Gujarati,Active
DLR-REG-1137,Navjivan Krushi Kendra (Jasdan),Bharat Pandya,+91 97064 32838,dealer_1137@kisanagro.in,Rajkot,Jasdan,GJ-SAURASHTRA-01,200000,Gujarati,Active
DLR-REG-1138,Bharat Krushi Krushi Kendra (Hansot),Hasmukh Sharma,+91 98950 68756,dealer_1138@kisanagro.in,Bharuch,Hansot,GJ-SOUTH-02,1000000,Hindi,Active
DLR-REG-1139,Bharat Krushi Krushi Kendra (Dhoraji),Pravin Savaliya,+91 99978 96363,dealer_1139@agrosphere.ai,Rajkot,Dhoraji,GJ-SAURASHTRA-01,500000,English,Active
DLR-REG-1140,Kisan Sahay Krushi Kendra (Ankleshwar),Haresh Desai,+91 98746 99928,dealer_1140@gmail.com,Bharuch,Ankleshwar,GJ-SOUTH-02,750000,English,Active
DLR-REG-1141,Krushi Vikas Krushi Kendra (Gondal),Ramesh Pandya,+91 97269 26540,dealer_1141@kisanagro.in,Rajkot,Gondal,GJ-SAURASHTRA-01,1000000,Hindi,Active
DLR-REG-1142,Green Earth Krushi Kendra (Olpad),Kishor Pandya,+91 98858 76263,dealer_1142@agrosphere.ai,Surat,Olpad,GJ-SOUTH-01,750000,Gujarati,Active
DLR-REG-1143,Bharat Krushi Krushi Kendra (Kadi),Mukesh Panchal,+91 98761 69186,dealer_1143@gmail.com,Mehsana,Kadi,GJ-NORTH-01,750000,Gujarati,Active
DLR-REG-1144,Green Earth Krushi Kendra (Vijapur),Hasmukh Chauhan,+91 98280 65936,dealer_1144@kisanagro.in,Mehsana,Vijapur,GJ-NORTH-01,500000,Gujarati,Active
DLR-REG-1145,Agro Care Krushi Kendra (Una),Hasmukh Sharma,+91 97381 66606,dealer_1145@gmail.com,Junagadh,Una,GJ-SAURASHTRA-02,500000,Gujarati,Active
DLR-REG-1146,Vrundavan Krushi Kendra (Bardoli),Bharat Shah,+91 99744 26021,dealer_1146@kisanagro.in,Surat,Bardoli,GJ-SOUTH-01,500000,English,Active
DLR-REG-1147,Patel Agro Krushi Kendra (Kadi),Kishor Pandya,+91 98440 23579,dealer_1147@agrosphere.ai,Mehsana,Kadi,GJ-NORTH-01,1000000,Gujarati,Active
DLR-REG-1148,Navjivan Krushi Kendra (Una),Hasmukh Parmar,+91 98434 82910,dealer_1148@kisanagro.in,Junagadh,Una,GJ-SAURASHTRA-02,200000,Gujarati,Active
DLR-REG-1149,Green Earth Krushi Kendra (Mandvi),Pravin Parmar,+91 99494 96223,dealer_1149@agrosphere.ai,Surat,Mandvi,GJ-SOUTH-01,500000,Gujarati,Active
DLR-REG-1150,Patel Agro Krushi Kendra (Visavadar),Bharat Verma,+91 97025 33777,dealer_1150@gmail.com,Junagadh,Visavadar,GJ-SAURASHTRA-02,1000000,English,Active
DLR-REG-1151,Kisan Sahay Krushi Kendra (Jetpur),Mukesh Sharma,+91 98540 65028,dealer_1151@kisanagro.in,Rajkot,Jetpur,GJ-SAURASHTRA-01,500000,Gujarati,Active
DLR-REG-1152,Krushi Vikas Krushi Kendra (Savli),Hasmukh Zala,+91 97215 30392,dealer_1152@gmail.com,Vadodara,Savli,GJ-CENTRAL-01,1000000,Gujarati,Active
DLR-REG-1153,Patel Agro Krushi Kendra (Ankleshwar),Haresh Desai,+91 98989 89570,dealer_1153@kisanagro.in,Bharuch,Ankleshwar,GJ-SOUTH-02,750000,Gujarati,Active
DLR-REG-1154,Krushi Vikas Krushi Kendra (Keshod),Hasmukh Chauhan,+91 98160 98895,dealer_1154@agrosphere.ai,Junagadh,Keshod,GJ-SAURASHTRA-02,1000000,English,Active
DLR-REG-1155,Kisan Sahay Krushi Kendra (Olpad),Haresh Savaliya,+91 99454 17180,dealer_1155@gmail.com,Surat,Olpad,GJ-SOUTH-01,350000,Gujarati,Active
DLR-REG-1156,Patel Agro Krushi Kendra (Manavadar),Bharat Donga,+91 97491 11013,dealer_1156@kisanagro.in,Junagadh,Manavadar,GJ-SAURASHTRA-02,750000,Gujarati,Active
DLR-REG-1157,Bharat Krushi Krushi Kendra (Una),Mukesh Panchal,+91 99049 83233,dealer_1157@agrosphere.ai,Junagadh,Una,GJ-SAURASHTRA-02,500000,Gujarati,Active
DLR-REG-1158,Green Earth Krushi Kendra (Petlad),Dinesh Patel,+91 97318 51033,dealer_1158@agrosphere.ai,Anand,Petlad,GJ-CENTRAL-02,750000,Hindi,Active
DLR-REG-1159,Patel Agro Krushi Kendra (Umreth),Haresh Sharma,+91 97085 52568,dealer_1159@gmail.com,Anand,Umreth,GJ-CENTRAL-02,1000000,English,Active
DLR-REG-1160,Agro Care Krushi Kendra (Unjha),Hasmukh Chauhan,+91 97996 67104,dealer_1160@agrosphere.ai,Mehsana,Unjha,GJ-NORTH-01,750000,Hindi,Active
DLR-REG-1161,Patel Agro Krushi Kendra (Dhoraji),Bharat Panchal,+91 97907 53655,dealer_1161@gmail.com,Rajkot,Dhoraji,GJ-SAURASHTRA-01,200000,Hindi,Active
DLR-REG-1162,Bharat Krushi Krushi Kendra (Ankleshwar),Mukesh Shah,+91 98431 56019,dealer_1162@agrosphere.ai,Bharuch,Ankleshwar,GJ-SOUTH-02,350000,Gujarati,Active
DLR-REG-1163,Patel Agro Krushi Kendra (Jetpur),Ramesh Savaliya,+91 99467 30036,dealer_1163@agrosphere.ai,Rajkot,Jetpur,GJ-SAURASHTRA-01,200000,Gujarati,Active
DLR-REG-1164,Kisan Seva Krushi Kendra (Vijapur),Dinesh Zala,+91 99789 83989,dealer_1164@agrosphere.ai,Mehsana,Vijapur,GJ-NORTH-01,1000000,Gujarati,Active
DLR-REG-1165,Shree Ram Krushi Kendra (Unjha),Hasmukh Desai,+91 98920 67961,dealer_1165@agrosphere.ai,Mehsana,Unjha,GJ-NORTH-01,500000,Gujarati,Active
DLR-REG-1166,Krushi Vikas Krushi Kendra (Bardoli),Hasmukh Shah,+91 98271 70521,dealer_1166@kisanagro.in,Surat,Bardoli,GJ-SOUTH-01,200000,Gujarati,Active
DLR-REG-1167,Agro Care Krushi Kendra (Savli),Hasmukh Gohil,+91 99519 87867,dealer_1167@agrosphere.ai,Vadodara,Savli,GJ-CENTRAL-01,750000,English,Active
DLR-REG-1168,Kisan Seva Krushi Kendra (Bardoli),Mukesh Zala,+91 98316 89299,dealer_1168@kisanagro.in,Surat,Bardoli,GJ-SOUTH-01,1000000,Gujarati,Active
DLR-REG-1169,Agro Care Krushi Kendra (Dhoraji),Bharat Zala,+91 99925 21053,dealer_1169@agrosphere.ai,Rajkot,Dhoraji,GJ-SAURASHTRA-01,350000,Gujarati,Active
DLR-REG-1170,Kisan Seva Krushi Kendra (Una),Ramesh Shah,+91 98490 58870,dealer_1170@kisanagro.in,Junagadh,Una,GJ-SAURASHTRA-02,750000,English,Active
DLR-REG-1171,Vrundavan Krushi Kendra (Unjha),Bharat Patel,+91 97269 53213,dealer_1171@gmail.com,Mehsana,Unjha,GJ-NORTH-01,1000000,English,Active
DLR-REG-1172,Vrundavan Krushi Kendra (Savli),Ramesh Parmar,+91 98365 20682,dealer_1172@agrosphere.ai,Vadodara,Savli,GJ-CENTRAL-01,350000,Gujarati,Active
DLR-REG-1173,Shree Ram Krushi Kendra (Dabhoi),Hasmukh Pandya,+91 98268 83259,dealer_1173@kisanagro.in,Vadodara,Dabhoi,GJ-CENTRAL-01,500000,Gujarati,Active
DLR-REG-1174,Green Earth Krushi Kendra (Ankleshwar),Bharat Shah,+91 97074 57526,dealer_1174@kisanagro.in,Bharuch,Ankleshwar,GJ-SOUTH-02,350000,Gujarati,Active
DLR-REG-1175,Navjivan Krushi Kendra (Dabhoi),Ramesh Savaliya,+91 97634 20114,dealer_1175@kisanagro.in,Vadodara,Dabhoi,GJ-CENTRAL-01,200000,Hindi,Active
DLR-REG-1176,Krushi Vikas Krushi Kendra (Kadi),Ramesh Zala,+91 99446 59377,dealer_1176@gmail.com,Mehsana,Kadi,GJ-NORTH-01,350000,Gujarati,Active
DLR-REG-1177,Kisan Seva Krushi Kendra (Visnagar),Haresh Patel,+91 98492 98652,dealer_1177@agrosphere.ai,Mehsana,Visnagar,GJ-NORTH-01,350000,English,Active
DLR-REG-1178,Kisan Seva Krushi Kendra (Olpad),Mukesh Savaliya,+91 98267 71474,dealer_1178@gmail.com,Surat,Olpad,GJ-SOUTH-01,500000,Hindi,Active
DLR-REG-1179,Patel Agro Krushi Kendra (Umreth),Haresh Zala,+91 99059 79135,dealer_1179@kisanagro.in,Anand,Umreth,GJ-CENTRAL-02,350000,Gujarati,Active
DLR-REG-1180,Patel Agro Krushi Kendra (Visnagar),Dinesh Patel,+91 98520 82684,dealer_1180@gmail.com,Mehsana,Visnagar,GJ-NORTH-01,1000000,Gujarati,Active
DLR-REG-1181,Shree Ram Krushi Kendra (Padra),Dinesh Donga,+91 99102 29313,dealer_1181@kisanagro.in,Vadodara,Padra,GJ-CENTRAL-01,200000,Gujarati,Active
DLR-REG-1182,Krushi Vikas Krushi Kendra (Vijapur),Haresh Patel,+91 97218 61964,dealer_1182@agrosphere.ai,Mehsana,Vijapur,GJ-NORTH-01,500000,Gujarati,Active
DLR-REG-1183,Krushi Vikas Krushi Kendra (Petlad),Pravin Savaliya,+91 98305 22987,dealer_1183@agrosphere.ai,Anand,Petlad,GJ-CENTRAL-02,500000,Gujarati,Active
DLR-REG-1184,Patel Agro Krushi Kendra (Keshod),Dinesh Parmar,+91 99851 28191,dealer_1184@agrosphere.ai,Junagadh,Keshod,GJ-SAURASHTRA-02,750000,English,Active
DLR-REG-1185,Agro Care Krushi Kendra (Bardoli),Kishor Patel,+91 97883 29597,dealer_1185@agrosphere.ai,Surat,Bardoli,GJ-SOUTH-01,1000000,Hindi,Active
DLR-REG-1186,Patel Agro Krushi Kendra (Petlad),Kishor Savaliya,+91 97499 16258,dealer_1186@gmail.com,Anand,Petlad,GJ-CENTRAL-02,750000,Hindi,Active
DLR-REG-1187,Agro Care Krushi Kendra (Petlad),Dinesh Parmar,+91 99444 80261,dealer_1187@gmail.com,Anand,Petlad,GJ-CENTRAL-02,1000000,Hindi,Active
DLR-REG-1188,Patel Agro Krushi Kendra (Manavadar),Pravin Chauhan,+91 99518 56244,dealer_1188@gmail.com,Junagadh,Manavadar,GJ-SAURASHTRA-02,1000000,English,Active
DLR-REG-1189,Bharat Krushi Krushi Kendra (Keshod),Hasmukh Verma,+91 99154 81313,dealer_1189@agrosphere.ai,Junagadh,Keshod,GJ-SAURASHTRA-02,1000000,Hindi,Active
DLR-REG-1190,Kisan Seva Krushi Kendra (Dhoraji),Haresh Patel,+91 98529 43246,dealer_1190@agrosphere.ai,Rajkot,Dhoraji,GJ-SAURASHTRA-01,200000,Gujarati,Active
DLR-REG-1191,Krushi Vikas Krushi Kendra (Kadi),Hasmukh Savaliya,+91 99383 53583,dealer_1191@gmail.com,Mehsana,Kadi,GJ-NORTH-01,200000,Gujarati,Active
DLR-REG-1192,Shree Ram Krushi Kendra (Olpad),Dinesh Parmar,+91 99848 72722,dealer_1192@agrosphere.ai,Surat,Olpad,GJ-SOUTH-01,350000,Gujarati,Active
DLR-REG-1193,Kisan Sahay Krushi Kendra (Dhoraji),Mukesh Donga,+91 97179 36144,dealer_1193@gmail.com,Rajkot,Dhoraji,GJ-SAURASHTRA-01,500000,Gujarati,Active
DLR-REG-1194,Bharat Krushi Krushi Kendra (Mahuva),Kishor Desai,+91 97149 94790,dealer_1194@gmail.com,Surat,Mahuva,GJ-SOUTH-01,500000,Gujarati,Active
DLR-REG-1195,Krushi Vikas Krushi Kendra (Kadi),Hasmukh Donga,+91 98507 67272,dealer_1195@kisanagro.in,Mehsana,Kadi,GJ-NORTH-01,750000,English,Active
DLR-REG-1196,Kisan Seva Krushi Kendra (Karjan),Dinesh Panchal,+91 98504 78062,dealer_1196@kisanagro.in,Vadodara,Karjan,GJ-CENTRAL-01,200000,English,Active
DLR-REG-1197,Vrundavan Krushi Kendra (Dhoraji),Ramesh Parmar,+91 99234 48504,dealer_1197@kisanagro.in,Rajkot,Dhoraji,GJ-SAURASHTRA-01,200000,Gujarati,Active
DLR-REG-1198,Patel Agro Krushi Kendra (Savli),Haresh Desai,+91 97682 68183,dealer_1198@kisanagro.in,Vadodara,Savli,GJ-CENTRAL-01,750000,Gujarati,Active
DLR-REG-1199,Vrundavan Krushi Kendra (Amod),Kishor Chauhan,+91 99619 17518,dealer_1199@gmail.com,Bharuch,Amod,GJ-SOUTH-02,750000,Gujarati,Active
DLR-REG-1200,Kisan Sahay Krushi Kendra (Mandvi),Dinesh Gajera,+91 97142 26545,dealer_1200@gmail.com,Surat,Mandvi,GJ-SOUTH-01,350000,Gujarati,Active
DLR-REG-1201,Vrundavan Krushi Kendra (Dabhoi),Ramesh Patel,+91 99781 68972,dealer_1201@kisanagro.in,Vadodara,Dabhoi,GJ-CENTRAL-01,500000,English,Active
DLR-REG-1202,Vrundavan Krushi Kendra (Kadi),Bharat Gajera,+91 98630 51207,dealer_1202@agrosphere.ai,Mehsana,Kadi,GJ-NORTH-01,500000,Gujarati,Active
DLR-REG-1203,Shree Ram Krushi Kendra (Gondal),Haresh Desai,+91 99300 25435,dealer_1203@kisanagro.in,Rajkot,Gondal,GJ-SAURASHTRA-01,500000,English,Active
DLR-REG-1204,Kisan Seva Krushi Kendra (Visavadar),Hasmukh Savaliya,+91 97555 19706,dealer_1204@kisanagro.in,Junagadh,Visavadar,GJ-SAURASHTRA-02,350000,English,Active
DLR-REG-1205,Krushi Vikas Krushi Kendra (Jasdan),Hasmukh Panchal,+91 99252 81063,dealer_1205@kisanagro.in,Rajkot,Jasdan,GJ-SAURASHTRA-01,500000,Gujarati,Active
DLR-REG-1206,Krushi Vikas Krushi Kendra (Jambusar),Mukesh Shah,+91 97497 36342,dealer_1206@gmail.com,Bharuch,Jambusar,GJ-SOUTH-02,350000,English,Active
DLR-REG-1207,Bharat Krushi Krushi Kendra (Jasdan),Bharat Pandya,+91 98914 82305,dealer_1207@gmail.com,Rajkot,Jasdan,GJ-SAURASHTRA-01,1000000,Gujarati,Active
DLR-REG-1208,Green Earth Krushi Kendra (Jasdan),Dinesh Panchal,+91 99153 63843,dealer_1208@kisanagro.in,Rajkot,Jasdan,GJ-SAURASHTRA-01,1000000,Gujarati,Active
DLR-REG-1209,Agro Care Krushi Kendra (Visavadar),Dinesh Desai,+91 99785 77811,dealer_1209@kisanagro.in,Junagadh,Visavadar,GJ-SAURASHTRA-02,350000,Hindi,Active
DLR-REG-1210,Shree Ram Krushi Kendra (Jambusar),Pravin Chauhan,+91 97508 77908,dealer_1210@gmail.com,Bharuch,Jambusar,GJ-SOUTH-02,500000,Gujarati,Active
DLR-REG-1211,Navjivan Krushi Kendra (Visavadar),Kishor Verma,+91 97323 42847,dealer_1211@gmail.com,Junagadh,Visavadar,GJ-SAURASHTRA-02,1000000,Gujarati,Active
DLR-REG-1212,Vrundavan Krushi Kendra (Visavadar),Hasmukh Shah,+91 99058 94015,dealer_1212@gmail.com,Junagadh,Visavadar,GJ-SAURASHTRA-02,1000000,Hindi,Active
DLR-REG-1213,Vrundavan Krushi Kendra (Manavadar),Bharat Panchal,+91 99308 15399,dealer_1213@gmail.com,Junagadh,Manavadar,GJ-SAURASHTRA-02,200000,Gujarati,Active
DLR-REG-1214,Navjivan Krushi Kendra (Amod),Haresh Zala,+91 99531 93753,dealer_1214@gmail.com,Bharuch,Amod,GJ-SOUTH-02,750000,Hindi,Active
DLR-REG-1215,Kisan Seva Krushi Kendra (Savli),Haresh Savaliya,+91 98218 69446,dealer_1215@gmail.com,Vadodara,Savli,GJ-CENTRAL-01,200000,Gujarati,Active
DLR-REG-1216,Kisan Seva Krushi Kendra (Umreth),Mukesh Desai,+91 98393 89516,dealer_1216@gmail.com,Anand,Umreth,GJ-CENTRAL-02,500000,Gujarati,Active
DLR-REG-1217,Green Earth Krushi Kendra (Amod),Bharat Gajera,+91 99109 83616,dealer_1217@gmail.com,Bharuch,Amod,GJ-SOUTH-02,500000,Gujarati,Active
DLR-REG-1218,Patel Agro Krushi Kendra (Petlad),Mukesh Desai,+91 97577 22689,dealer_1218@gmail.com,Anand,Petlad,GJ-CENTRAL-02,500000,English,Active
DLR-REG-1219,Navjivan Krushi Kendra (Vijapur),Ramesh Parmar,+91 98341 85718,dealer_1219@agrosphere.ai,Mehsana,Vijapur,GJ-NORTH-01,500000,Gujarati,Active
DLR-REG-1220,Kisan Seva Krushi Kendra (Visnagar),Dinesh Shah,+91 99042 50441,dealer_1220@kisanagro.in,Mehsana,Visnagar,GJ-NORTH-01,200000,Gujarati,Active
DLR-REG-1221,Kisan Seva Krushi Kendra (Tarapur),Mukesh Savaliya,+91 99389 56254,dealer_1221@gmail.com,Anand,Tarapur,GJ-CENTRAL-02,200000,Gujarati,Active
DLR-REG-1222,Kisan Seva Krushi Kendra (Tarapur),Pravin Donga,+91 97440 66482,dealer_1222@gmail.com,Anand,Tarapur,GJ-CENTRAL-02,500000,Gujarati,Active
DLR-REG-1223,Krushi Vikas Krushi Kendra (Vijapur),Haresh Patel,+91 97209 84747,dealer_1223@agrosphere.ai,Mehsana,Vijapur,GJ-NORTH-01,350000,Gujarati,Active
DLR-REG-1224,Agro Care Krushi Kendra (Olpad),Dinesh Chauhan,+91 99252 46663,dealer_1224@agrosphere.ai,Surat,Olpad,GJ-SOUTH-01,1000000,Gujarati,Active
DLR-REG-1225,Green Earth Krushi Kendra (Keshod),Bharat Verma,+91 99284 57920,dealer_1225@gmail.com,Junagadh,Keshod,GJ-SAURASHTRA-02,350000,Hindi,Active
DLR-REG-1226,Bharat Krushi Krushi Kendra (Mahuva),Pravin Patel,+91 97159 27961,dealer_1226@agrosphere.ai,Surat,Mahuva,GJ-SOUTH-01,500000,English,Active
DLR-REG-1227,Shree Ram Krushi Kendra (Mahuva),Ramesh Pandya,+91 98343 90356,dealer_1227@kisanagro.in,Surat,Mahuva,GJ-SOUTH-01,350000,English,Active
DLR-REG-1228,Vrundavan Krushi Kendra (Olpad),Dinesh Verma,+91 99902 83783,dealer_1228@kisanagro.in,Surat,Olpad,GJ-SOUTH-01,750000,Gujarati,Active
DLR-REG-1229,Agro Care Krushi Kendra (Savli),Kishor Chauhan,+91 99970 92478,dealer_1229@gmail.com,Vadodara,Savli,GJ-CENTRAL-01,1000000,English,Active
DLR-REG-1230,Vrundavan Krushi Kendra (Waghodia),Pravin Savaliya,+91 99390 72973,dealer_1230@gmail.com,Vadodara,Waghodia,GJ-CENTRAL-01,1000000,Hindi,Active
DLR-REG-1231,Shree Ram Krushi Kendra (Vijapur),Mukesh Parmar,+91 97129 85047,dealer_1231@agrosphere.ai,Mehsana,Vijapur,GJ-NORTH-01,200000,Gujarati,Active
DLR-REG-1232,Krushi Vikas Krushi Kendra (Dhoraji),Ramesh Chauhan,+91 98691 36724,dealer_1232@kisanagro.in,Rajkot,Dhoraji,GJ-SAURASHTRA-01,1000000,Hindi,Active
DLR-REG-1233,Shree Ram Krushi Kendra (Petlad),Mukesh Shah,+91 99297 52604,dealer_1233@agrosphere.ai,Anand,Petlad,GJ-CENTRAL-02,750000,Hindi,Active
DLR-REG-1234,Shree Ram Krushi Kendra (Khambhat),Bharat Desai,+91 99237 56437,dealer_1234@agrosphere.ai,Anand,Khambhat,GJ-CENTRAL-02,500000,Hindi,Active
DLR-REG-1235,Navjivan Krushi Kendra (Borsad),Kishor Donga,+91 97921 49008,dealer_1235@kisanagro.in,Anand,Borsad,GJ-CENTRAL-02,350000,English,Active
DLR-REG-1236,Krushi Vikas Krushi Kendra (Dabhoi),Kishor Shah,+91 98178 25974,dealer_1236@agrosphere.ai,Vadodara,Dabhoi,GJ-CENTRAL-01,1000000,English,Active
DLR-REG-1237,Shree Ram Krushi Kendra (Khambhat),Pravin Donga,+91 98178 20358,dealer_1237@kisanagro.in,Anand,Khambhat,GJ-CENTRAL-02,750000,Gujarati,Active
DLR-REG-1238,Navjivan Krushi Kendra (Hansot),Kishor Savaliya,+91 99302 45601,dealer_1238@gmail.com,Bharuch,Hansot,GJ-SOUTH-02,200000,Hindi,Active
DLR-REG-1239,Navjivan Krushi Kendra (Jambusar),Mukesh Patel,+91 99613 40518,dealer_1239@gmail.com,Bharuch,Jambusar,GJ-SOUTH-02,200000,English,Active
DLR-REG-1240,Agro Care Krushi Kendra (Dabhoi),Ramesh Gohil,+91 97021 82135,dealer_1240@gmail.com,Vadodara,Dabhoi,GJ-CENTRAL-01,750000,English,Active
DLR-REG-1241,Patel Agro Krushi Kendra (Borsad),Kishor Verma,+91 99645 17754,dealer_1241@gmail.com,Anand,Borsad,GJ-CENTRAL-02,1000000,Gujarati,Active
DLR-REG-1242,Shree Ram Krushi Kendra (Bardoli),Ramesh Chauhan,+91 97148 62034,dealer_1242@kisanagro.in,Surat,Bardoli,GJ-SOUTH-01,350000,Gujarati,Active
DLR-REG-1243,Patel Agro Krushi Kendra (Gondal),Hasmukh Pandya,+91 98372 47298,dealer_1243@kisanagro.in,Rajkot,Gondal,GJ-SAURASHTRA-01,1000000,Hindi,Active
DLR-REG-1244,Bharat Krushi Krushi Kendra (Borsad),Kishor Desai,+91 97789 24764,dealer_1244@kisanagro.in,Anand,Borsad,GJ-CENTRAL-02,350000,English,Active
DLR-REG-1245,Shree Ram Krushi Kendra (Amod),Bharat Patel,+91 98208 84420,dealer_1245@agrosphere.ai,Bharuch,Amod,GJ-SOUTH-02,350000,Gujarati,Active
DLR-REG-1246,Green Earth Krushi Kendra (Mahuva),Bharat Shah,+91 97355 62538,dealer_1246@agrosphere.ai,Surat,Mahuva,GJ-SOUTH-01,200000,Gujarati,Active
DLR-REG-1247,Krushi Vikas Krushi Kendra (Una),Pravin Savaliya,+91 98068 60275,dealer_1247@gmail.com,Junagadh,Una,GJ-SAURASHTRA-02,750000,Gujarati,Active
DLR-REG-1248,Vrundavan Krushi Kendra (Savli),Pravin Panchal,+91 98071 95679,dealer_1248@kisanagro.in,Vadodara,Savli,GJ-CENTRAL-01,350000,Gujarati,Active
DLR-REG-1249,Kisan Seva Krushi Kendra (Ankleshwar),Ramesh Donga,+91 98660 99925,dealer_1249@agrosphere.ai,Bharuch,Ankleshwar,GJ-SOUTH-02,500000,Gujarati,Active
DLR-REG-1250,Krushi Vikas Krushi Kendra (Amod),Mukesh Pandya,+91 97897 27507,dealer_1250@kisanagro.in,Bharuch,Amod,GJ-SOUTH-02,350000,English,Active
DLR-REG-1251,Green Earth Krushi Kendra (Amod),Dinesh Panchal,+91 99201 97044,dealer_1251@gmail.com,Bharuch,Amod,GJ-SOUTH-02,350000,Hindi,Active
DLR-REG-1252,Bharat Krushi Krushi Kendra (Kadi),Bharat Desai,+91 97319 83946,dealer_1252@gmail.com,Mehsana,Kadi,GJ-NORTH-01,200000,Hindi,Active
DLR-REG-1253,Vrundavan Krushi Kendra (Mandvi),Ramesh Shah,+91 97673 53007,dealer_1253@agrosphere.ai,Surat,Mandvi,GJ-SOUTH-01,750000,Gujarati,Active
DLR-REG-1254,Vrundavan Krushi Kendra (Jambusar),Hasmukh Desai,+91 99090 68390,dealer_1254@gmail.com,Bharuch,Jambusar,GJ-SOUTH-02,750000,Gujarati,Active
DLR-REG-1255,Kisan Seva Krushi Kendra (Mahuva),Pravin Pandya,+91 99288 70604,dealer_1255@agrosphere.ai,Surat,Mahuva,GJ-SOUTH-01,500000,Gujarati,Active
DLR-REG-1256,Kisan Sahay Krushi Kendra (Khambhat),Mukesh Panchal,+91 99368 19572,dealer_1256@gmail.com,Anand,Khambhat,GJ-CENTRAL-02,750000,Gujarati,Active
DLR-REG-1257,Bharat Krushi Krushi Kendra (Ankleshwar),Hasmukh Patel,+91 98933 14159,dealer_1257@kisanagro.in,Bharuch,Ankleshwar,GJ-SOUTH-02,750000,Gujarati,Active
DLR-REG-1258,Green Earth Krushi Kendra (Visnagar),Haresh Verma,+91 98837 59479,dealer_1258@kisanagro.in,Mehsana,Visnagar,GJ-NORTH-01,200000,Hindi,Active
DLR-REG-1259,Agro Care Krushi Kendra (Visavadar),Haresh Gajera,+91 99166 26691,dealer_1259@agrosphere.ai,Junagadh,Visavadar,GJ-SAURASHTRA-02,350000,Gujarati,Active
DLR-REG-1260,Patel Agro Krushi Kendra (Kadi),Haresh Desai,+91 99178 59712,dealer_1260@gmail.com,Mehsana,Kadi,GJ-NORTH-01,350000,English,Active
DLR-REG-1261,Patel Agro Krushi Kendra (Karjan),Hasmukh Savaliya,+91 97131 96533,dealer_1261@kisanagro.in,Vadodara,Karjan,GJ-CENTRAL-01,1000000,Gujarati,Active
DLR-REG-1262,Agro Care Krushi Kendra (Manavadar),Pravin Sharma,+91 98828 88352,dealer_1262@agrosphere.ai,Junagadh,Manavadar,GJ-SAURASHTRA-02,200000,Gujarati,Active
DLR-REG-1263,Green Earth Krushi Kendra (Ankleshwar),Mukesh Desai,+91 99210 38477,dealer_1263@gmail.com,Bharuch,Ankleshwar,GJ-SOUTH-02,350000,Hindi,Active
DLR-REG-1264,Vrundavan Krushi Kendra (Karjan),Bharat Verma,+91 97970 49552,dealer_1264@gmail.com,Vadodara,Karjan,GJ-CENTRAL-01,1000000,Gujarati,Active
DLR-REG-1265,Patel Agro Krushi Kendra (Khambhat),Ramesh Patel,+91 99564 98965,dealer_1265@kisanagro.in,Anand,Khambhat,GJ-CENTRAL-02,1000000,English,Active
DLR-REG-1266,Green Earth Krushi Kendra (Jasdan),Bharat Zala,+91 99852 64568,dealer_1266@kisanagro.in,Rajkot,Jasdan,GJ-SAURASHTRA-01,350000,Gujarati,Active
DLR-REG-1267,Bharat Krushi Krushi Kendra (Borsad),Mukesh Desai,+91 97923 49418,dealer_1267@agrosphere.ai,Anand,Borsad,GJ-CENTRAL-02,350000,English,Active
DLR-REG-1268,Green Earth Krushi Kendra (Dhoraji),Ramesh Shah,+91 98590 41831,dealer_1268@kisanagro.in,Rajkot,Dhoraji,GJ-SAURASHTRA-01,350000,Gujarati,Active
DLR-REG-1269,Kisan Seva Krushi Kendra (Ankleshwar),Bharat Parmar,+91 97378 80206,dealer_1269@agrosphere.ai,Bharuch,Ankleshwar,GJ-SOUTH-02,350000,Gujarati,Active
DLR-REG-1270,Vrundavan Krushi Kendra (Dabhoi),Pravin Pandya,+91 97298 34662,dealer_1270@agrosphere.ai,Vadodara,Dabhoi,GJ-CENTRAL-01,1000000,Gujarati,Active
DLR-REG-1271,Krushi Vikas Krushi Kendra (Borsad),Pravin Donga,+91 97867 34906,dealer_1271@agrosphere.ai,Anand,Borsad,GJ-CENTRAL-02,200000,English,Active
DLR-REG-1272,Green Earth Krushi Kendra (Manavadar),Bharat Savaliya,+91 98159 59894,dealer_1272@kisanagro.in,Junagadh,Manavadar,GJ-SAURASHTRA-02,1000000,Gujarati,Active
DLR-REG-1273,Krushi Vikas Krushi Kendra (Savli),Dinesh Shah,+91 98908 22924,dealer_1273@agrosphere.ai,Vadodara,Savli,GJ-CENTRAL-01,750000,Gujarati,Active
DLR-REG-1274,Krushi Vikas Krushi Kendra (Visavadar),Pravin Chauhan,+91 99304 39002,dealer_1274@agrosphere.ai,Junagadh,Visavadar,GJ-SAURASHTRA-02,350000,Gujarati,Active
DLR-REG-1275,Vrundavan Krushi Kendra (Waghodia),Haresh Pandya,+91 98209 29976,dealer_1275@gmail.com,Vadodara,Waghodia,GJ-CENTRAL-01,500000,Gujarati,Active
DLR-REG-1276,Navjivan Krushi Kendra (Tarapur),Bharat Desai,+91 98054 74044,dealer_1276@agrosphere.ai,Anand,Tarapur,GJ-CENTRAL-02,750000,English,Active
DLR-REG-1277,Shree Ram Krushi Kendra (Visavadar),Dinesh Gajera,+91 97753 81058,dealer_1277@agrosphere.ai,Junagadh,Visavadar,GJ-SAURASHTRA-02,200000,Hindi,Active
DLR-REG-1278,Kisan Sahay Krushi Kendra (Gondal),Pravin Zala,+91 98689 28021,dealer_1278@agrosphere.ai,Rajkot,Gondal,GJ-SAURASHTRA-01,350000,Gujarati,Active
DLR-REG-1279,Kisan Sahay Krushi Kendra (Jambusar),Dinesh Savaliya,+91 98528 17923,dealer_1279@agrosphere.ai,Bharuch,Jambusar,GJ-SOUTH-02,1000000,English,Active
DLR-REG-1280,Kisan Sahay Krushi Kendra (Hansot),Haresh Patel,+91 97048 12192,dealer_1280@agrosphere.ai,Bharuch,Hansot,GJ-SOUTH-02,500000,Hindi,Active
DLR-REG-1281,Bharat Krushi Krushi Kendra (Padra),Haresh Parmar,+91 97734 24026,dealer_1281@gmail.com,Vadodara,Padra,GJ-CENTRAL-01,1000000,Gujarati,Active
DLR-REG-1282,Vrundavan Krushi Kendra (Manavadar),Kishor Shah,+91 98451 45038,dealer_1282@kisanagro.in,Junagadh,Manavadar,GJ-SAURASHTRA-02,200000,Gujarati,Active
DLR-REG-1283,Vrundavan Krushi Kendra (Umreth),Mukesh Savaliya,+91 98228 99658,dealer_1283@gmail.com,Anand,Umreth,GJ-CENTRAL-02,200000,Gujarati,Active
DLR-REG-1284,Green Earth Krushi Kendra (Umreth),Dinesh Shah,+91 97229 93459,dealer_1284@gmail.com,Anand,Umreth,GJ-CENTRAL-02,350000,Gujarati,Active
DLR-REG-1285,Krushi Vikas Krushi Kendra (Umreth),Hasmukh Pandya,+91 99163 15577,dealer_1285@gmail.com,Anand,Umreth,GJ-CENTRAL-02,350000,Hindi,Active
DLR-REG-1286,Kisan Sahay Krushi Kendra (Khambhat),Kishor Sharma,+91 99224 83860,dealer_1286@agrosphere.ai,Anand,Khambhat,GJ-CENTRAL-02,200000,Gujarati,Active
DLR-REG-1287,Kisan Sahay Krushi Kendra (Unjha),Ramesh Savaliya,+91 99919 62205,dealer_1287@gmail.com,Mehsana,Unjha,GJ-NORTH-01,500000,Gujarati,Active
DLR-REG-1288,Vrundavan Krushi Kendra (Mandvi),Haresh Parmar,+91 99773 80852,dealer_1288@kisanagro.in,Surat,Mandvi,GJ-SOUTH-01,750000,Gujarati,Active
DLR-REG-1289,Bharat Krushi Krushi Kendra (Kadi),Bharat Panchal,+91 97219 22803,dealer_1289@kisanagro.in,Mehsana,Kadi,GJ-NORTH-01,350000,Gujarati,Active
DLR-REG-1290,Vrundavan Krushi Kendra (Waghodia),Haresh Pandya,+91 98336 13883,dealer_1290@agrosphere.ai,Vadodara,Waghodia,GJ-CENTRAL-01,500000,English,Active
DLR-REG-1291,Krushi Vikas Krushi Kendra (Borsad),Haresh Shah,+91 98768 34345,dealer_1291@agrosphere.ai,Anand,Borsad,GJ-CENTRAL-02,1000000,English,Active
DLR-REG-1292,Navjivan Krushi Kendra (Jasdan),Hasmukh Panchal,+91 97336 45123,dealer_1292@gmail.com,Rajkot,Jasdan,GJ-SAURASHTRA-01,750000,Gujarati,Active
DLR-REG-1293,Krushi Vikas Krushi Kendra (Hansot),Hasmukh Verma,+91 97374 10680,dealer_1293@kisanagro.in,Bharuch,Hansot,GJ-SOUTH-02,750000,Gujarati,Active
DLR-REG-1294,Agro Care Krushi Kendra (Unjha),Hasmukh Gajera,+91 97767 66489,dealer_1294@kisanagro.in,Mehsana,Unjha,GJ-NORTH-01,1000000,Hindi,Active
DLR-REG-1295,Agro Care Krushi Kendra (Mahuva),Hasmukh Patel,+91 98449 82642,dealer_1295@gmail.com,Surat,Mahuva,GJ-SOUTH-01,1000000,Hindi,Active
DLR-REG-1296,Green Earth Krushi Kendra (Unjha),Kishor Patel,+91 98694 60829,dealer_1296@gmail.com,Mehsana,Unjha,GJ-NORTH-01,1000000,Gujarati,Active
DLR-REG-1297,Green Earth Krushi Kendra (Mandvi),Ramesh Gajera,+91 98101 49469,dealer_1297@kisanagro.in,Surat,Mandvi,GJ-SOUTH-01,750000,Gujarati,Active
DLR-REG-1298,Green Earth Krushi Kendra (Jetpur),Haresh Donga,+91 98227 73469,dealer_1298@gmail.com,Rajkot,Jetpur,GJ-SAURASHTRA-01,500000,Gujarati,Active
DLR-REG-1299,Vrundavan Krushi Kendra (Una),Mukesh Pandya,+91 98875 24021,dealer_1299@gmail.com,Junagadh,Una,GJ-SAURASHTRA-02,500000,Gujarati,Active
DLR-REG-1300,Vrundavan Krushi Kendra (Khambhat),Bharat Chauhan,+91 98803 53874,dealer_1300@kisanagro.in,Anand,Khambhat,GJ-CENTRAL-02,1000000,Gujarati,Active
DLR-REG-1301,Vrundavan Krushi Kendra (Savli),Mukesh Panchal,+91 98962 51180,dealer_1301@gmail.com,Vadodara,Savli,GJ-CENTRAL-01,750000,Gujarati,Active
DLR-REG-1302,Vrundavan Krushi Kendra (Dabhoi),Mukesh Zala,+91 98334 59290,dealer_1302@kisanagro.in,Vadodara,Dabhoi,GJ-CENTRAL-01,750000,Gujarati,Active
DLR-REG-1303,Vrundavan Krushi Kendra (Jetpur),Ramesh Shah,+91 99792 82102,dealer_1303@gmail.com,Rajkot,Jetpur,GJ-SAURASHTRA-01,750000,Gujarati,Active
DLR-REG-1304,Agro Care Krushi Kendra (Khambhat),Haresh Parmar,+91 99756 75444,dealer_1304@gmail.com,Anand,Khambhat,GJ-CENTRAL-02,500000,Gujarati,Active
DLR-REG-1305,Green Earth Krushi Kendra (Karjan),Haresh Zala,+91 97302 68860,dealer_1305@agrosphere.ai,Vadodara,Karjan,GJ-CENTRAL-01,750000,Hindi,Active
DLR-REG-1306,Bharat Krushi Krushi Kendra (Tarapur),Haresh Parmar,+91 99226 14818,dealer_1306@kisanagro.in,Anand,Tarapur,GJ-CENTRAL-02,1000000,Hindi,Active
DLR-REG-1307,Agro Care Krushi Kendra (Ankleshwar),Mukesh Zala,+91 99693 97122,dealer_1307@kisanagro.in,Bharuch,Ankleshwar,GJ-SOUTH-02,350000,Hindi,Active
DLR-REG-1308,Krushi Vikas Krushi Kendra (Dhoraji),Haresh Zala,+91 97433 11382,dealer_1308@gmail.com,Rajkot,Dhoraji,GJ-SAURASHTRA-01,500000,Gujarati,Active
DLR-REG-1309,Kisan Seva Krushi Kendra (Mandvi),Haresh Verma,+91 98896 99070,dealer_1309@agrosphere.ai,Surat,Mandvi,GJ-SOUTH-01,1000000,Gujarati,Active
DLR-REG-1310,Kisan Seva Krushi Kendra (Padra),Kishor Sharma,+91 98703 21253,dealer_1310@gmail.com,Vadodara,Padra,GJ-CENTRAL-01,350000,Gujarati,Active
DLR-REG-1311,Kisan Seva Krushi Kendra (Savli),Mukesh Zala,+91 99134 73298,dealer_1311@kisanagro.in,Vadodara,Savli,GJ-CENTRAL-01,750000,Gujarati,Active
DLR-REG-1312,Krushi Vikas Krushi Kendra (Umreth),Kishor Sharma,+91 97183 25084,dealer_1312@gmail.com,Anand,Umreth,GJ-CENTRAL-02,500000,Gujarati,Active
DLR-REG-1313,Navjivan Krushi Kendra (Jambusar),Ramesh Shah,+91 99260 30989,dealer_1313@kisanagro.in,Bharuch,Jambusar,GJ-SOUTH-02,1000000,English,Active
DLR-REG-1314,Green Earth Krushi Kendra (Borsad),Ramesh Gohil,+91 97763 93948,dealer_1314@agrosphere.ai,Anand,Borsad,GJ-CENTRAL-02,750000,English,Active
DLR-REG-1315,Kisan Seva Krushi Kendra (Jetpur),Haresh Pandya,+91 98592 10583,dealer_1315@agrosphere.ai,Rajkot,Jetpur,GJ-SAURASHTRA-01,350000,Gujarati,Active
DLR-REG-1316,Vrundavan Krushi Kendra (Padra),Ramesh Sharma,+91 98498 52727,dealer_1316@gmail.com,Vadodara,Padra,GJ-CENTRAL-01,750000,Gujarati,Active
DLR-REG-1317,Bharat Krushi Krushi Kendra (Dabhoi),Bharat Gohil,+91 99445 60939,dealer_1317@agrosphere.ai,Vadodara,Dabhoi,GJ-CENTRAL-01,750000,Hindi,Active
DLR-REG-1318,Krushi Vikas Krushi Kendra (Jasdan),Dinesh Parmar,+91 99528 32613,dealer_1318@agrosphere.ai,Rajkot,Jasdan,GJ-SAURASHTRA-01,500000,Hindi,Active
DLR-REG-1319,Shree Ram Krushi Kendra (Bardoli),Hasmukh Verma,+91 97977 50026,dealer_1319@gmail.com,Surat,Bardoli,GJ-SOUTH-01,350000,Gujarati,Active
DLR-REG-1320,Bharat Krushi Krushi Kendra (Jambusar),Haresh Chauhan,+91 99442 28070,dealer_1320@agrosphere.ai,Bharuch,Jambusar,GJ-SOUTH-02,750000,English,Active
DLR-REG-1321,Bharat Krushi Krushi Kendra (Una),Ramesh Panchal,+91 99272 31871,dealer_1321@kisanagro.in,Junagadh,Una,GJ-SAURASHTRA-02,500000,Gujarati,Active
DLR-REG-1322,Kisan Seva Krushi Kendra (Visavadar),Pravin Pandya,+91 98470 11256,dealer_1322@kisanagro.in,Junagadh,Visavadar,GJ-SAURASHTRA-02,350000,Gujarati,Active
DLR-REG-1323,Bharat Krushi Krushi Kendra (Vijapur),Dinesh Shah,+91 98675 99744,dealer_1323@kisanagro.in,Mehsana,Vijapur,GJ-NORTH-01,750000,English,Active
DLR-REG-1324,Agro Care Krushi Kendra (Borsad),Pravin Pandya,+91 97903 48284,dealer_1324@gmail.com,Anand,Borsad,GJ-CENTRAL-02,500000,Gujarati,Active
DLR-REG-1325,Shree Ram Krushi Kendra (Olpad),Dinesh Zala,+91 99316 74921,dealer_1325@agrosphere.ai,Surat,Olpad,GJ-SOUTH-01,1000000,Gujarati,Active
DLR-REG-1326,Patel Agro Krushi Kendra (Bardoli),Bharat Zala,+91 99220 15453,dealer_1326@agrosphere.ai,Surat,Bardoli,GJ-SOUTH-01,750000,Hindi,Active
DLR-REG-1327,Agro Care Krushi Kendra (Una),Mukesh Panchal,+91 98219 14224,dealer_1327@kisanagro.in,Junagadh,Una,GJ-SAURASHTRA-02,500000,Gujarati,Active
DLR-REG-1328,Kisan Seva Krushi Kendra (Kadi),Hasmukh Parmar,+91 97970 37509,dealer_1328@agrosphere.ai,Mehsana,Kadi,GJ-NORTH-01,1000000,Gujarati,Active
DLR-REG-1329,Shree Ram Krushi Kendra (Vijapur),Ramesh Pandya,+91 97846 37124,dealer_1329@gmail.com,Mehsana,Vijapur,GJ-NORTH-01,1000000,Gujarati,Active
DLR-REG-1330,Vrundavan Krushi Kendra (Olpad),Ramesh Shah,+91 98325 48356,dealer_1330@kisanagro.in,Surat,Olpad,GJ-SOUTH-01,1000000,Gujarati,Active
DLR-REG-1331,Shree Ram Krushi Kendra (Kadi),Haresh Zala,+91 97242 46349,dealer_1331@agrosphere.ai,Mehsana,Kadi,GJ-NORTH-01,350000,Gujarati,Active
DLR-REG-1332,Krushi Vikas Krushi Kendra (Manavadar),Mukesh Parmar,+91 99769 61472,dealer_1332@kisanagro.in,Junagadh,Manavadar,GJ-SAURASHTRA-02,350000,Hindi,Active
DLR-REG-1333,Green Earth Krushi Kendra (Amod),Dinesh Chauhan,+91 97309 93050,dealer_1333@gmail.com,Bharuch,Amod,GJ-SOUTH-02,750000,Hindi,Active
DLR-REG-1334,Krushi Vikas Krushi Kendra (Amod),Dinesh Desai,+91 98340 86278,dealer_1334@gmail.com,Bharuch,Amod,GJ-SOUTH-02,200000,English,Active
DLR-REG-1335,Agro Care Krushi Kendra (Amod),Haresh Zala,+91 97892 66314,dealer_1335@gmail.com,Bharuch,Amod,GJ-SOUTH-02,750000,Gujarati,Active
DLR-REG-1336,Krushi Vikas Krushi Kendra (Savli),Ramesh Shah,+91 99318 73614,dealer_1336@kisanagro.in,Vadodara,Savli,GJ-CENTRAL-01,200000,Gujarati,Active
DLR-REG-1337,Kisan Sahay Krushi Kendra (Dhoraji),Ramesh Sharma,+91 98807 69836,dealer_1337@gmail.com,Rajkot,Dhoraji,GJ-SAURASHTRA-01,750000,Gujarati,Active
DLR-REG-1338,Patel Agro Krushi Kendra (Jambusar),Kishor Gajera,+91 97382 95798,dealer_1338@kisanagro.in,Bharuch,Jambusar,GJ-SOUTH-02,500000,Gujarati,Active
DLR-REG-1339,Kisan Sahay Krushi Kendra (Karjan),Kishor Chauhan,+91 99973 40689,dealer_1339@kisanagro.in,Vadodara,Karjan,GJ-CENTRAL-01,200000,Gujarati,Active
DLR-REG-1340,Kisan Seva Krushi Kendra (Jetpur),Ramesh Sharma,+91 99431 39647,dealer_1340@agrosphere.ai,Rajkot,Jetpur,GJ-SAURASHTRA-01,750000,Gujarati,Active
DLR-REG-1341,Agro Care Krushi Kendra (Jasdan),Haresh Parmar,+91 99842 27324,dealer_1341@kisanagro.in,Rajkot,Jasdan,GJ-SAURASHTRA-01,200000,Gujarati,Active
DLR-REG-1342,Agro Care Krushi Kendra (Petlad),Bharat Sharma,+91 98505 49223,dealer_1342@gmail.com,Anand,Petlad,GJ-CENTRAL-02,750000,Gujarati,Active
DLR-REG-1343,Agro Care Krushi Kendra (Jambusar),Pravin Shah,+91 99499 95199,dealer_1343@gmail.com,Bharuch,Jambusar,GJ-SOUTH-02,750000,Gujarati,Active
DLR-REG-1344,Shree Ram Krushi Kendra (Jambusar),Dinesh Chauhan,+91 97889 21362,dealer_1344@gmail.com,Bharuch,Jambusar,GJ-SOUTH-02,350000,Gujarati,Active
DLR-REG-1345,Krushi Vikas Krushi Kendra (Mahuva),Bharat Chauhan,+91 97572 42477,dealer_1345@kisanagro.in,Surat,Mahuva,GJ-SOUTH-01,200000,Gujarati,Active
DLR-REG-1346,Kisan Sahay Krushi Kendra (Olpad),Kishor Parmar,+91 97841 77862,dealer_1346@agrosphere.ai,Surat,Olpad,GJ-SOUTH-01,1000000,Gujarati,Active
DLR-REG-1347,Patel Agro Krushi Kendra (Hansot),Pravin Gohil,+91 97980 74865,dealer_1347@kisanagro.in,Bharuch,Hansot,GJ-SOUTH-02,200000,Gujarati,Active
DLR-REG-1348,Agro Care Krushi Kendra (Tarapur),Pravin Shah,+91 98479 51480,dealer_1348@gmail.com,Anand,Tarapur,GJ-CENTRAL-02,750000,Hindi,Active
DLR-REG-1349,Bharat Krushi Krushi Kendra (Khambhat),Ramesh Gohil,+91 98929 19567,dealer_1349@gmail.com,Anand,Khambhat,GJ-CENTRAL-02,1000000,Gujarati,Active
DLR-REG-1350,Navjivan Krushi Kendra (Jasdan),Pravin Patel,+91 98630 76402,dealer_1350@kisanagro.in,Rajkot,Jasdan,GJ-SAURASHTRA-01,1000000,English,Active
DLR-REG-1351,Agro Care Krushi Kendra (Umreth),Ramesh Gohil,+91 98136 20957,dealer_1351@kisanagro.in,Anand,Umreth,GJ-CENTRAL-02,200000,Hindi,Active
DLR-REG-1352,Bharat Krushi Krushi Kendra (Manavadar),Haresh Verma,+91 99402 93138,dealer_1352@agrosphere.ai,Junagadh,Manavadar,GJ-SAURASHTRA-02,200000,Gujarati,Active
DLR-REG-1353,Navjivan Krushi Kendra (Hansot),Mukesh Patel,+91 97353 66948,dealer_1353@gmail.com,Bharuch,Hansot,GJ-SOUTH-02,750000,Hindi,Active
DLR-REG-1354,Patel Agro Krushi Kendra (Bardoli),Ramesh Gohil,+91 97489 11660,dealer_1354@agrosphere.ai,Surat,Bardoli,GJ-SOUTH-01,350000,Gujarati,Active
DLR-REG-1355,Krushi Vikas Krushi Kendra (Una),Kishor Shah,+91 97683 58741,dealer_1355@gmail.com,Junagadh,Una,GJ-SAURASHTRA-02,500000,Gujarati,Active
DLR-REG-1356,Krushi Vikas Krushi Kendra (Kadi),Haresh Zala,+91 98114 78662,dealer_1356@gmail.com,Mehsana,Kadi,GJ-NORTH-01,500000,Hindi,Active
DLR-REG-1357,Kisan Seva Krushi Kendra (Ankleshwar),Bharat Desai,+91 97227 75484,dealer_1357@agrosphere.ai,Bharuch,Ankleshwar,GJ-SOUTH-02,350000,Gujarati,Active
DLR-REG-1358,Agro Care Krushi Kendra (Visavadar),Hasmukh Pandya,+91 97935 76692,dealer_1358@gmail.com,Junagadh,Visavadar,GJ-SAURASHTRA-02,200000,Gujarati,Active
DLR-REG-1359,Kisan Seva Krushi Kendra (Keshod),Haresh Verma,+91 97614 33456,dealer_1359@gmail.com,Junagadh,Keshod,GJ-SAURASHTRA-02,1000000,English,Active
DLR-REG-1360,Navjivan Krushi Kendra (Visavadar),Bharat Chauhan,+91 98111 20208,dealer_1360@agrosphere.ai,Junagadh,Visavadar,GJ-SAURASHTRA-02,500000,Gujarati,Active
DLR-REG-1361,Shree Ram Krushi Kendra (Bardoli),Pravin Savaliya,+91 98642 19034,dealer_1361@kisanagro.in,Surat,Bardoli,GJ-SOUTH-01,500000,Gujarati,Active
DLR-REG-1362,Bharat Krushi Krushi Kendra (Padra),Pravin Desai,+91 98511 36302,dealer_1362@kisanagro.in,Vadodara,Padra,GJ-CENTRAL-01,1000000,Gujarati,Active
DLR-REG-1363,Kisan Seva Krushi Kendra (Jambusar),Dinesh Verma,+91 97800 81638,dealer_1363@gmail.com,Bharuch,Jambusar,GJ-SOUTH-02,350000,Gujarati,Active
DLR-REG-1364,Navjivan Krushi Kendra (Petlad),Bharat Shah,+91 99604 11257,dealer_1364@kisanagro.in,Anand,Petlad,GJ-CENTRAL-02,200000,English,Active
DLR-REG-1365,Agro Care Krushi Kendra (Unjha),Mukesh Savaliya,+91 98719 74491,dealer_1365@gmail.com,Mehsana,Unjha,GJ-NORTH-01,350000,Gujarati,Active
DLR-REG-1366,Navjivan Krushi Kendra (Gondal),Haresh Parmar,+91 99870 58823,dealer_1366@kisanagro.in,Rajkot,Gondal,GJ-SAURASHTRA-01,200000,Hindi,Active
DLR-REG-1367,Green Earth Krushi Kendra (Jetpur),Pravin Sharma,+91 98781 96827,dealer_1367@gmail.com,Rajkot,Jetpur,GJ-SAURASHTRA-01,350000,Gujarati,Active
DLR-REG-1368,Green Earth Krushi Kendra (Savli),Bharat Panchal,+91 98302 69343,dealer_1368@kisanagro.in,Vadodara,Savli,GJ-CENTRAL-01,350000,Gujarati,Active
DLR-REG-1369,Vrundavan Krushi Kendra (Manavadar),Ramesh Sharma,+91 97432 31544,dealer_1369@kisanagro.in,Junagadh,Manavadar,GJ-SAURASHTRA-02,750000,Gujarati,Active
DLR-REG-1370,Bharat Krushi Krushi Kendra (Petlad),Mukesh Verma,+91 98851 50410,dealer_1370@kisanagro.in,Anand,Petlad,GJ-CENTRAL-02,500000,Gujarati,Active
DLR-REG-1371,Patel Agro Krushi Kendra (Jetpur),Pravin Parmar,+91 97880 52964,dealer_1371@gmail.com,Rajkot,Jetpur,GJ-SAURASHTRA-01,200000,Gujarati,Active
DLR-REG-1372,Bharat Krushi Krushi Kendra (Dabhoi),Kishor Patel,+91 98065 32789,dealer_1372@gmail.com,Vadodara,Dabhoi,GJ-CENTRAL-01,750000,English,Active
DLR-REG-1373,Agro Care Krushi Kendra (Mandvi),Hasmukh Desai,+91 97572 25919,dealer_1373@gmail.com,Surat,Mandvi,GJ-SOUTH-01,200000,Gujarati,Active
DLR-REG-1374,Green Earth Krushi Kendra (Manavadar),Hasmukh Verma,+91 99385 86823,dealer_1374@kisanagro.in,Junagadh,Manavadar,GJ-SAURASHTRA-02,200000,Gujarati,Active
DLR-REG-1375,Kisan Seva Krushi Kendra (Jetpur),Ramesh Zala,+91 97376 53456,dealer_1375@gmail.com,Rajkot,Jetpur,GJ-SAURASHTRA-01,200000,English,Active
DLR-REG-1376,Vrundavan Krushi Kendra (Jetpur),Haresh Chauhan,+91 99032 13864,dealer_1376@kisanagro.in,Rajkot,Jetpur,GJ-SAURASHTRA-01,750000,Gujarati,Active
DLR-REG-1377,Shree Ram Krushi Kendra (Karjan),Kishor Donga,+91 98826 29481,dealer_1377@gmail.com,Vadodara,Karjan,GJ-CENTRAL-01,1000000,Hindi,Active
DLR-REG-1378,Patel Agro Krushi Kendra (Mandvi),Haresh Desai,+91 99255 72787,dealer_1378@gmail.com,Surat,Mandvi,GJ-SOUTH-01,200000,Gujarati,Active
DLR-REG-1379,Green Earth Krushi Kendra (Borsad),Mukesh Savaliya,+91 99583 81258,dealer_1379@gmail.com,Anand,Borsad,GJ-CENTRAL-02,750000,Gujarati,Active
DLR-REG-1380,Kisan Seva Krushi Kendra (Tarapur),Bharat Verma,+91 98590 45446,dealer_1380@gmail.com,Anand,Tarapur,GJ-CENTRAL-02,200000,Gujarati,Active
DLR-REG-1381,Kisan Sahay Krushi Kendra (Mandvi),Kishor Zala,+91 97239 71824,dealer_1381@agrosphere.ai,Surat,Mandvi,GJ-SOUTH-01,500000,Hindi,Active
DLR-REG-1382,Agro Care Krushi Kendra (Manavadar),Mukesh Savaliya,+91 98091 79951,dealer_1382@agrosphere.ai,Junagadh,Manavadar,GJ-SAURASHTRA-02,200000,Gujarati,Active
DLR-REG-1383,Krushi Vikas Krushi Kendra (Mahuva),Ramesh Parmar,+91 97721 41005,dealer_1383@agrosphere.ai,Surat,Mahuva,GJ-SOUTH-01,500000,Gujarati,Active
DLR-REG-1384,Krushi Vikas Krushi Kendra (Bardoli),Ramesh Pandya,+91 99306 34672,dealer_1384@kisanagro.in,Surat,Bardoli,GJ-SOUTH-01,1000000,Gujarati,Active
DLR-REG-1385,Kisan Sahay Krushi Kendra (Una),Pravin Sharma,+91 97952 88861,dealer_1385@gmail.com,Junagadh,Una,GJ-SAURASHTRA-02,200000,Hindi,Active
DLR-REG-1386,Krushi Vikas Krushi Kendra (Petlad),Mukesh Pandya,+91 97534 54663,dealer_1386@agrosphere.ai,Anand,Petlad,GJ-CENTRAL-02,350000,Gujarati,Active
DLR-REG-1387,Shree Ram Krushi Kendra (Gondal),Ramesh Pandya,+91 97454 78982,dealer_1387@kisanagro.in,Rajkot,Gondal,GJ-SAURASHTRA-01,200000,Gujarati,Active
DLR-REG-1388,Vrundavan Krushi Kendra (Hansot),Bharat Sharma,+91 98236 52284,dealer_1388@gmail.com,Bharuch,Hansot,GJ-SOUTH-02,350000,English,Active
DLR-REG-1389,Krushi Vikas Krushi Kendra (Vijapur),Bharat Gajera,+91 97914 97232,dealer_1389@agrosphere.ai,Mehsana,Vijapur,GJ-NORTH-01,350000,English,Active
DLR-REG-1390,Shree Ram Krushi Kendra (Savli),Pravin Gajera,+91 99875 85082,dealer_1390@kisanagro.in,Vadodara,Savli,GJ-CENTRAL-01,1000000,Gujarati,Active
DLR-REG-1391,Vrundavan Krushi Kendra (Visavadar),Hasmukh Savaliya,+91 99032 28434,dealer_1391@kisanagro.in,Junagadh,Visavadar,GJ-SAURASHTRA-02,200000,Gujarati,Active
DLR-REG-1392,Shree Ram Krushi Kendra (Savli),Hasmukh Gohil,+91 99903 97821,dealer_1392@agrosphere.ai,Vadodara,Savli,GJ-CENTRAL-01,500000,English,Active
DLR-REG-1393,Navjivan Krushi Kendra (Jasdan),Hasmukh Savaliya,+91 98435 43640,dealer_1393@gmail.com,Rajkot,Jasdan,GJ-SAURASHTRA-01,200000,Gujarati,Active
DLR-REG-1394,Green Earth Krushi Kendra (Umreth),Haresh Gajera,+91 99019 59638,dealer_1394@kisanagro.in,Anand,Umreth,GJ-CENTRAL-02,1000000,English,Active
DLR-REG-1395,Vrundavan Krushi Kendra (Dhoraji),Mukesh Gohil,+91 97666 69151,dealer_1395@gmail.com,Rajkot,Dhoraji,GJ-SAURASHTRA-01,200000,Gujarati,Active
DLR-REG-1396,Patel Agro Krushi Kendra (Jasdan),Hasmukh Sharma,+91 98400 32296,dealer_1396@kisanagro.in,Rajkot,Jasdan,GJ-SAURASHTRA-01,350000,Gujarati,Active
DLR-REG-1397,Krushi Vikas Krushi Kendra (Bardoli),Dinesh Pandya,+91 99885 14062,dealer_1397@kisanagro.in,Surat,Bardoli,GJ-SOUTH-01,350000,Hindi,Active
DLR-REG-1398,Kisan Sahay Krushi Kendra (Borsad),Bharat Sharma,+91 97841 34901,dealer_1398@kisanagro.in,Anand,Borsad,GJ-CENTRAL-02,1000000,Hindi,Active
DLR-REG-1399,Patel Agro Krushi Kendra (Savli),Hasmukh Savaliya,+91 97203 61498,dealer_1399@agrosphere.ai,Vadodara,Savli,GJ-CENTRAL-01,1000000,English,Active
DLR-REG-1400,Krushi Vikas Krushi Kendra (Keshod),Haresh Patel,+91 97358 48607,dealer_1400@agrosphere.ai,Junagadh,Keshod,GJ-SAURASHTRA-02,1000000,English,Active
DLR-REG-1401,Kisan Sahay Krushi Kendra (Keshod),Ramesh Savaliya,+91 99614 48248,dealer_1401@gmail.com,Junagadh,Keshod,GJ-SAURASHTRA-02,750000,Gujarati,Active
DLR-REG-1402,Kisan Seva Krushi Kendra (Dabhoi),Kishor Desai,+91 97373 94130,dealer_1402@agrosphere.ai,Vadodara,Dabhoi,GJ-CENTRAL-01,750000,Gujarati,Active
DLR-REG-1403,Krushi Vikas Krushi Kendra (Dabhoi),Dinesh Gajera,+91 97182 44510,dealer_1403@kisanagro.in,Vadodara,Dabhoi,GJ-CENTRAL-01,750000,Gujarati,Active
DLR-REG-1404,Vrundavan Krushi Kendra (Visavadar),Ramesh Patel,+91 99852 97486,dealer_1404@gmail.com,Junagadh,Visavadar,GJ-SAURASHTRA-02,200000,Gujarati,Active
DLR-REG-1405,Vrundavan Krushi Kendra (Vijapur),Pravin Savaliya,+91 98585 78495,dealer_1405@kisanagro.in,Mehsana,Vijapur,GJ-NORTH-01,1000000,English,Active
DLR-REG-1406,Kisan Seva Krushi Kendra (Mandvi),Hasmukh Donga,+91 98617 14551,dealer_1406@agrosphere.ai,Surat,Mandvi,GJ-SOUTH-01,1000000,Hindi,Active
DLR-REG-1407,Agro Care Krushi Kendra (Visnagar),Dinesh Zala,+91 97708 31910,dealer_1407@gmail.com,Mehsana,Visnagar,GJ-NORTH-01,350000,Gujarati,Active
DLR-REG-1408,Agro Care Krushi Kendra (Dhoraji),Haresh Gohil,+91 97827 92211,dealer_1408@gmail.com,Rajkot,Dhoraji,GJ-SAURASHTRA-01,1000000,Gujarati,Active
DLR-REG-1409,Agro Care Krushi Kendra (Padra),Haresh Chauhan,+91 99261 52746,dealer_1409@kisanagro.in,Vadodara,Padra,GJ-CENTRAL-01,1000000,English,Active
DLR-REG-1410,Vrundavan Krushi Kendra (Kadi),Haresh Pandya,+91 97460 64321,dealer_1410@gmail.com,Mehsana,Kadi,GJ-NORTH-01,350000,Hindi,Active
DLR-REG-1411,Agro Care Krushi Kendra (Bardoli),Hasmukh Pandya,+91 98171 80206,dealer_1411@kisanagro.in,Surat,Bardoli,GJ-SOUTH-01,750000,Gujarati,Active
DLR-REG-1412,Vrundavan Krushi Kendra (Umreth),Dinesh Pandya,+91 97153 32570,dealer_1412@kisanagro.in,Anand,Umreth,GJ-CENTRAL-02,750000,Gujarati,Active
DLR-REG-1413,Kisan Sahay Krushi Kendra (Mahuva),Bharat Chauhan,+91 99828 41139,dealer_1413@gmail.com,Surat,Mahuva,GJ-SOUTH-01,750000,Gujarati,Active
DLR-REG-1414,Krushi Vikas Krushi Kendra (Padra),Kishor Parmar,+91 98273 46745,dealer_1414@kisanagro.in,Vadodara,Padra,GJ-CENTRAL-01,200000,Gujarati,Active
DLR-REG-1415,Kisan Seva Krushi Kendra (Visavadar),Bharat Zala,+91 98103 64627,dealer_1415@agrosphere.ai,Junagadh,Visavadar,GJ-SAURASHTRA-02,200000,Gujarati,Active
DLR-REG-1416,Green Earth Krushi Kendra (Borsad),Dinesh Panchal,+91 99115 59009,dealer_1416@gmail.com,Anand,Borsad,GJ-CENTRAL-02,1000000,Gujarati,Active
DLR-REG-1417,Bharat Krushi Krushi Kendra (Jasdan),Ramesh Chauhan,+91 99147 84537,dealer_1417@gmail.com,Rajkot,Jasdan,GJ-SAURASHTRA-01,350000,Gujarati,Active
DLR-REG-1418,Kisan Sahay Krushi Kendra (Visnagar),Pravin Savaliya,+91 98869 16626,dealer_1418@kisanagro.in,Mehsana,Visnagar,GJ-NORTH-01,350000,Gujarati,Active
DLR-REG-1419,Bharat Krushi Krushi Kendra (Dabhoi),Hasmukh Chauhan,+91 99790 14005,dealer_1419@gmail.com,Vadodara,Dabhoi,GJ-CENTRAL-01,500000,English,Active
DLR-REG-1420,Shree Ram Krushi Kendra (Mahuva),Dinesh Parmar,+91 99403 82264,dealer_1420@kisanagro.in,Surat,Mahuva,GJ-SOUTH-01,500000,Gujarati,Active
DLR-REG-1421,Agro Care Krushi Kendra (Unjha),Pravin Donga,+91 98583 16507,dealer_1421@gmail.com,Mehsana,Unjha,GJ-NORTH-01,1000000,Gujarati,Active
DLR-REG-1422,Navjivan Krushi Kendra (Visnagar),Mukesh Gohil,+91 98102 95404,dealer_1422@kisanagro.in,Mehsana,Visnagar,GJ-NORTH-01,1000000,Gujarati,Active
DLR-REG-1423,Kisan Seva Krushi Kendra (Kadi),Ramesh Gajera,+91 99462 11109,dealer_1423@gmail.com,Mehsana,Kadi,GJ-NORTH-01,500000,Hindi,Active
DLR-REG-1424,Patel Agro Krushi Kendra (Unjha),Haresh Chauhan,+91 98428 70161,dealer_1424@kisanagro.in,Mehsana,Unjha,GJ-NORTH-01,350000,English,Active
DLR-REG-1425,Vrundavan Krushi Kendra (Waghodia),Hasmukh Chauhan,+91 97030 77045,dealer_1425@agrosphere.ai,Vadodara,Waghodia,GJ-CENTRAL-01,500000,Hindi,Active
DLR-REG-1426,Patel Agro Krushi Kendra (Amod),Hasmukh Gohil,+91 98973 18367,dealer_1426@kisanagro.in,Bharuch,Amod,GJ-SOUTH-02,500000,Gujarati,Active
DLR-REG-1427,Patel Agro Krushi Kendra (Unjha),Kishor Gohil,+91 97771 29651,dealer_1427@agrosphere.ai,Mehsana,Unjha,GJ-NORTH-01,350000,Gujarati,Active
DLR-REG-1428,Krushi Vikas Krushi Kendra (Vijapur),Ramesh Gohil,+91 99954 13336,dealer_1428@agrosphere.ai,Mehsana,Vijapur,GJ-NORTH-01,750000,Gujarati,Active
DLR-REG-1429,Green Earth Krushi Kendra (Dabhoi),Pravin Chauhan,+91 99388 84978,dealer_1429@gmail.com,Vadodara,Dabhoi,GJ-CENTRAL-01,500000,Gujarati,Active
DLR-REG-1430,Krushi Vikas Krushi Kendra (Hansot),Kishor Shah,+91 97696 96194,dealer_1430@agrosphere.ai,Bharuch,Hansot,GJ-SOUTH-02,350000,Gujarati,Active
DLR-REG-1431,Shree Ram Krushi Kendra (Dhoraji),Kishor Panchal,+91 99970 83273,dealer_1431@gmail.com,Rajkot,Dhoraji,GJ-SAURASHTRA-01,500000,Gujarati,Active
DLR-REG-1432,Navjivan Krushi Kendra (Visavadar),Kishor Panchal,+91 98722 53426,dealer_1432@kisanagro.in,Junagadh,Visavadar,GJ-SAURASHTRA-02,500000,Hindi,Active
DLR-REG-1433,Agro Care Krushi Kendra (Dabhoi),Pravin Desai,+91 99598 86490,dealer_1433@agrosphere.ai,Vadodara,Dabhoi,GJ-CENTRAL-01,1000000,Gujarati,Active
DLR-REG-1434,Bharat Krushi Krushi Kendra (Borsad),Haresh Sharma,+91 99170 49106,dealer_1434@kisanagro.in,Anand,Borsad,GJ-CENTRAL-02,200000,Gujarati,Active
DLR-REG-1435,Krushi Vikas Krushi Kendra (Manavadar),Dinesh Chauhan,+91 97586 51469,dealer_1435@agrosphere.ai,Junagadh,Manavadar,GJ-SAURASHTRA-02,350000,Gujarati,Active
DLR-REG-1436,Shree Ram Krushi Kendra (Khambhat),Pravin Verma,+91 97019 69251,dealer_1436@kisanagro.in,Anand,Khambhat,GJ-CENTRAL-02,350000,Gujarati,Active
DLR-REG-1437,Kisan Seva Krushi Kendra (Mandvi),Hasmukh Zala,+91 97530 90541,dealer_1437@kisanagro.in,Surat,Mandvi,GJ-SOUTH-01,750000,English,Active
DLR-REG-1438,Green Earth Krushi Kendra (Umreth),Pravin Patel,+91 99186 36137,dealer_1438@agrosphere.ai,Anand,Umreth,GJ-CENTRAL-02,500000,Gujarati,Active
DLR-REG-1439,Navjivan Krushi Kendra (Waghodia),Pravin Patel,+91 99566 42613,dealer_1439@gmail.com,Vadodara,Waghodia,GJ-CENTRAL-01,500000,Gujarati,Active
DLR-REG-1440,Green Earth Krushi Kendra (Keshod),Kishor Shah,+91 97684 18557,dealer_1440@gmail.com,Junagadh,Keshod,GJ-SAURASHTRA-02,500000,Gujarati,Active
DLR-REG-1441,Vrundavan Krushi Kendra (Tarapur),Bharat Shah,+91 98776 27536,dealer_1441@kisanagro.in,Anand,Tarapur,GJ-CENTRAL-02,750000,Gujarati,Active
DLR-REG-1442,Shree Ram Krushi Kendra (Visnagar),Haresh Zala,+91 97078 39939,dealer_1442@gmail.com,Mehsana,Visnagar,GJ-NORTH-01,350000,Gujarati,Active
DLR-REG-1443,Vrundavan Krushi Kendra (Ankleshwar),Ramesh Shah,+91 97504 58049,dealer_1443@agrosphere.ai,Bharuch,Ankleshwar,GJ-SOUTH-02,200000,English,Active
DLR-REG-1444,Bharat Krushi Krushi Kendra (Amod),Pravin Pandya,+91 99432 16286,dealer_1444@agrosphere.ai,Bharuch,Amod,GJ-SOUTH-02,200000,Gujarati,Active
DLR-REG-1445,Green Earth Krushi Kendra (Gondal),Haresh Desai,+91 97506 81733,dealer_1445@kisanagro.in,Rajkot,Gondal,GJ-SAURASHTRA-01,750000,Gujarati,Active
DLR-REG-1446,Patel Agro Krushi Kendra (Keshod),Hasmukh Chauhan,+91 99713 78197,dealer_1446@kisanagro.in,Junagadh,Keshod,GJ-SAURASHTRA-02,1000000,Hindi,Active
DLR-REG-1447,Green Earth Krushi Kendra (Jambusar),Hasmukh Parmar,+91 99095 90962,dealer_1447@gmail.com,Bharuch,Jambusar,GJ-SOUTH-02,500000,Gujarati,Active
DLR-REG-1448,Kisan Seva Krushi Kendra (Kadi),Mukesh Savaliya,+91 98077 78569,dealer_1448@gmail.com,Mehsana,Kadi,GJ-NORTH-01,500000,English,Active
DLR-REG-1449,Kisan Sahay Krushi Kendra (Karjan),Dinesh Shah,+91 97850 73001,dealer_1449@kisanagro.in,Vadodara,Karjan,GJ-CENTRAL-01,350000,Gujarati,Active
DLR-REG-1450,Agro Care Krushi Kendra (Gondal),Dinesh Parmar,+91 97610 21807,dealer_1450@agrosphere.ai,Rajkot,Gondal,GJ-SAURASHTRA-01,200000,Gujarati,Active
DLR-REG-1451,Kisan Seva Krushi Kendra (Karjan),Kishor Donga,+91 98901 16564,dealer_1451@gmail.com,Vadodara,Karjan,GJ-CENTRAL-01,350000,Gujarati,Active
DLR-REG-1452,Krushi Vikas Krushi Kendra (Unjha),Bharat Zala,+91 98744 25191,dealer_1452@gmail.com,Mehsana,Unjha,GJ-NORTH-01,200000,Gujarati,Active
DLR-REG-1453,Shree Ram Krushi Kendra (Visnagar),Bharat Verma,+91 98792 91501,dealer_1453@kisanagro.in,Mehsana,Visnagar,GJ-NORTH-01,200000,Gujarati,Active
DLR-REG-1454,Shree Ram Krushi Kendra (Unjha),Haresh Sharma,+91 98639 69839,dealer_1454@kisanagro.in,Mehsana,Unjha,GJ-NORTH-01,750000,English,Active
DLR-REG-1455,Shree Ram Krushi Kendra (Vijapur),Ramesh Sharma,+91 99851 17686,dealer_1455@gmail.com,Mehsana,Vijapur,GJ-NORTH-01,200000,English,Active
DLR-REG-1456,Vrundavan Krushi Kendra (Mahuva),Dinesh Gohil,+91 97742 90127,dealer_1456@kisanagro.in,Surat,Mahuva,GJ-SOUTH-01,500000,Hindi,Active
DLR-REG-1457,Kisan Seva Krushi Kendra (Jetpur),Hasmukh Desai,+91 98684 67761,dealer_1457@gmail.com,Rajkot,Jetpur,GJ-SAURASHTRA-01,200000,Gujarati,Active
DLR-REG-1458,Kisan Sahay Krushi Kendra (Amod),Mukesh Panchal,+91 99743 54341,dealer_1458@agrosphere.ai,Bharuch,Amod,GJ-SOUTH-02,1000000,Hindi,Active
DLR-REG-1459,Navjivan Krushi Kendra (Dhoraji),Bharat Desai,+91 99718 98643,dealer_1459@agrosphere.ai,Rajkot,Dhoraji,GJ-SAURASHTRA-01,750000,Gujarati,Active
DLR-REG-1460,Kisan Sahay Krushi Kendra (Kadi),Ramesh Gohil,+91 99070 71510,dealer_1460@kisanagro.in,Mehsana,Kadi,GJ-NORTH-01,350000,Gujarati,Active
DLR-REG-1461,Krushi Vikas Krushi Kendra (Vijapur),Bharat Savaliya,+91 98139 16599,dealer_1461@agrosphere.ai,Mehsana,Vijapur,GJ-NORTH-01,350000,Hindi,Active
DLR-REG-1462,Green Earth Krushi Kendra (Hansot),Mukesh Parmar,+91 97322 70174,dealer_1462@kisanagro.in,Bharuch,Hansot,GJ-SOUTH-02,1000000,English,Active
DLR-REG-1463,Kisan Seva Krushi Kendra (Dhoraji),Hasmukh Verma,+91 99037 95638,dealer_1463@gmail.com,Rajkot,Dhoraji,GJ-SAURASHTRA-01,200000,English,Active
DLR-REG-1464,Bharat Krushi Krushi Kendra (Petlad),Pravin Shah,+91 97372 89194,dealer_1464@agrosphere.ai,Anand,Petlad,GJ-CENTRAL-02,500000,Hindi,Active
DLR-REG-1465,Kisan Seva Krushi Kendra (Mandvi),Bharat Verma,+91 97222 39218,dealer_1465@kisanagro.in,Surat,Mandvi,GJ-SOUTH-01,500000,Hindi,Active
DLR-REG-1466,Krushi Vikas Krushi Kendra (Vijapur),Dinesh Panchal,+91 97467 22771,dealer_1466@agrosphere.ai,Mehsana,Vijapur,GJ-NORTH-01,350000,Gujarati,Active
DLR-REG-1467,Patel Agro Krushi Kendra (Savli),Bharat Shah,+91 99875 23935,dealer_1467@gmail.com,Vadodara,Savli,GJ-CENTRAL-01,350000,English,Active
DLR-REG-1468,Agro Care Krushi Kendra (Una),Mukesh Donga,+91 97768 25826,dealer_1468@kisanagro.in,Junagadh,Una,GJ-SAURASHTRA-02,350000,English,Active
DLR-REG-1469,Krushi Vikas Krushi Kendra (Visnagar),Haresh Sharma,+91 97190 93000,dealer_1469@agrosphere.ai,Mehsana,Visnagar,GJ-NORTH-01,1000000,Gujarati,Active
DLR-REG-1470,Kisan Seva Krushi Kendra (Vijapur),Ramesh Gohil,+91 99043 10568,dealer_1470@agrosphere.ai,Mehsana,Vijapur,GJ-NORTH-01,200000,Hindi,Active
DLR-REG-1471,Kisan Seva Krushi Kendra (Tarapur),Ramesh Shah,+91 99833 85832,dealer_1471@gmail.com,Anand,Tarapur,GJ-CENTRAL-02,350000,Gujarati,Active
DLR-REG-1472,Vrundavan Krushi Kendra (Tarapur),Haresh Verma,+91 98714 89822,dealer_1472@agrosphere.ai,Anand,Tarapur,GJ-CENTRAL-02,350000,Gujarati,Active
DLR-REG-1473,Patel Agro Krushi Kendra (Khambhat),Ramesh Desai,+91 97565 64099,dealer_1473@agrosphere.ai,Anand,Khambhat,GJ-CENTRAL-02,1000000,Gujarati,Active
DLR-REG-1474,Bharat Krushi Krushi Kendra (Unjha),Mukesh Gohil,+91 97822 37487,dealer_1474@agrosphere.ai,Mehsana,Unjha,GJ-NORTH-01,500000,Gujarati,Active
DLR-REG-1475,Shree Ram Krushi Kendra (Jambusar),Bharat Shah,+91 99909 25126,dealer_1475@kisanagro.in,Bharuch,Jambusar,GJ-SOUTH-02,1000000,English,Active
DLR-REG-1476,Bharat Krushi Krushi Kendra (Mahuva),Haresh Donga,+91 97052 78515,dealer_1476@gmail.com,Surat,Mahuva,GJ-SOUTH-01,200000,English,Active
DLR-REG-1477,Kisan Sahay Krushi Kendra (Keshod),Kishor Savaliya,+91 97659 47567,dealer_1477@agrosphere.ai,Junagadh,Keshod,GJ-SAURASHTRA-02,500000,Gujarati,Active
DLR-REG-1478,Patel Agro Krushi Kendra (Kadi),Pravin Savaliya,+91 98469 69322,dealer_1478@gmail.com,Mehsana,Kadi,GJ-NORTH-01,1000000,Hindi,Active
DLR-REG-1479,Bharat Krushi Krushi Kendra (Visnagar),Mukesh Chauhan,+91 99092 47701,dealer_1479@agrosphere.ai,Mehsana,Visnagar,GJ-NORTH-01,200000,English,Active
DLR-REG-1480,Krushi Vikas Krushi Kendra (Umreth),Pravin Shah,+91 97053 42943,dealer_1480@gmail.com,Anand,Umreth,GJ-CENTRAL-02,1000000,English,Active
DLR-REG-1481,Krushi Vikas Krushi Kendra (Visnagar),Mukesh Zala,+91 99969 35362,dealer_1481@kisanagro.in,Mehsana,Visnagar,GJ-NORTH-01,750000,Gujarati,Active
DLR-REG-1482,Shree Ram Krushi Kendra (Ankleshwar),Hasmukh Gajera,+91 98545 15326,dealer_1482@kisanagro.in,Bharuch,Ankleshwar,GJ-SOUTH-02,500000,Hindi,Active
DLR-REG-1483,Shree Ram Krushi Kendra (Karjan),Kishor Pandya,+91 97023 53327,dealer_1483@kisanagro.in,Vadodara,Karjan,GJ-CENTRAL-01,350000,Gujarati,Active
DLR-REG-1484,Vrundavan Krushi Kendra (Visavadar),Kishor Patel,+91 99009 85061,dealer_1484@agrosphere.ai,Junagadh,Visavadar,GJ-SAURASHTRA-02,500000,Gujarati,Active
DLR-REG-1485,Bharat Krushi Krushi Kendra (Unjha),Ramesh Savaliya,+91 99132 18936,dealer_1485@agrosphere.ai,Mehsana,Unjha,GJ-NORTH-01,350000,English,Active
DLR-REG-1486,Agro Care Krushi Kendra (Mahuva),Mukesh Verma,+91 97873 96944,dealer_1486@kisanagro.in,Surat,Mahuva,GJ-SOUTH-01,500000,Gujarati,Active
DLR-REG-1487,Vrundavan Krushi Kendra (Karjan),Dinesh Shah,+91 99299 95105,dealer_1487@gmail.com,Vadodara,Karjan,GJ-CENTRAL-01,200000,Gujarati,Active
DLR-REG-1488,Vrundavan Krushi Kendra (Borsad),Mukesh Pandya,+91 97163 99463,dealer_1488@kisanagro.in,Anand,Borsad,GJ-CENTRAL-02,750000,Gujarati,Active
DLR-REG-1489,Bharat Krushi Krushi Kendra (Khambhat),Kishor Panchal,+91 97101 77746,dealer_1489@kisanagro.in,Anand,Khambhat,GJ-CENTRAL-02,1000000,Hindi,Active
DLR-REG-1490,Kisan Sahay Krushi Kendra (Umreth),Mukesh Donga,+91 98312 77357,dealer_1490@gmail.com,Anand,Umreth,GJ-CENTRAL-02,200000,Gujarati,Active
DLR-REG-1491,Agro Care Krushi Kendra (Kadi),Mukesh Savaliya,+91 99807 65601,dealer_1491@gmail.com,Mehsana,Kadi,GJ-NORTH-01,350000,Hindi,Active
DLR-REG-1492,Agro Care Krushi Kendra (Vijapur),Ramesh Panchal,+91 97097 70191,dealer_1492@agrosphere.ai,Mehsana,Vijapur,GJ-NORTH-01,500000,Gujarati,Active
DLR-REG-1493,Kisan Sahay Krushi Kendra (Gondal),Kishor Gajera,+91 99285 19232,dealer_1493@agrosphere.ai,Rajkot,Gondal,GJ-SAURASHTRA-01,350000,Gujarati,Active
DLR-REG-1494,Kisan Seva Krushi Kendra (Umreth),Haresh Gohil,+91 98773 51471,dealer_1494@gmail.com,Anand,Umreth,GJ-CENTRAL-02,750000,Gujarati,Active
DLR-REG-1495,Vrundavan Krushi Kendra (Bardoli),Pravin Sharma,+91 99870 19514,dealer_1495@kisanagro.in,Surat,Bardoli,GJ-SOUTH-01,1000000,Gujarati,Active
DLR-REG-1496,Vrundavan Krushi Kendra (Savli),Kishor Sharma,+91 98792 59992,dealer_1496@kisanagro.in,Vadodara,Savli,GJ-CENTRAL-01,200000,English,Active
DLR-REG-1497,Shree Ram Krushi Kendra (Manavadar),Haresh Panchal,+91 99235 48663,dealer_1497@agrosphere.ai,Junagadh,Manavadar,GJ-SAURASHTRA-02,350000,Gujarati,Active
DLR-REG-1498,Kisan Sahay Krushi Kendra (Amod),Ramesh Shah,+91 97504 15475,dealer_1498@gmail.com,Bharuch,Amod,GJ-SOUTH-02,1000000,Hindi,Active
DLR-REG-1499,Bharat Krushi Krushi Kendra (Tarapur),Kishor Sharma,+91 97860 55069,dealer_1499@gmail.com,Anand,Tarapur,GJ-CENTRAL-02,750000,Hindi,Active
DLR-REG-1500,Shree Ram Krushi Kendra (Manavadar),Kishor Savaliya,+91 97795 25023,dealer_1500@gmail.com,Junagadh,Manavadar,GJ-SAURASHTRA-02,1000000,Gujarati,Active
DLR-REG-1501,Bharat Krushi Krushi Kendra (Vijapur),Kishor Sharma,+91 99751 18829,dealer_1501@kisanagro.in,Mehsana,Vijapur,GJ-NORTH-01,200000,Gujarati,Active
DLR-REG-1502,Krushi Vikas Krushi Kendra (Hansot),Ramesh Verma,+91 99749 95914,dealer_1502@gmail.com,Bharuch,Hansot,GJ-SOUTH-02,200000,Gujarati,Active
DLR-REG-1503,Navjivan Krushi Kendra (Bardoli),Dinesh Verma,+91 98845 53036,dealer_1503@agrosphere.ai,Surat,Bardoli,GJ-SOUTH-01,500000,Hindi,Active
DLR-REG-1504,Krushi Vikas Krushi Kendra (Visavadar),Ramesh Chauhan,+91 97019 51053,dealer_1504@gmail.com,Junagadh,Visavadar,GJ-SAURASHTRA-02,350000,English,Active
DLR-REG-1505,Shree Ram Krushi Kendra (Savli),Bharat Gohil,+91 98965 70666,dealer_1505@kisanagro.in,Vadodara,Savli,GJ-CENTRAL-01,500000,Gujarati,Active
DLR-REG-1506,Agro Care Krushi Kendra (Tarapur),Hasmukh Gajera,+91 98149 28350,dealer_1506@agrosphere.ai,Anand,Tarapur,GJ-CENTRAL-02,350000,Gujarati,Active
DLR-REG-1507,Agro Care Krushi Kendra (Ankleshwar),Pravin Patel,+91 99383 85877,dealer_1507@kisanagro.in,Bharuch,Ankleshwar,GJ-SOUTH-02,1000000,Gujarati,Active
DLR-REG-1508,Bharat Krushi Krushi Kendra (Jasdan),Dinesh Shah,+91 99678 29481,dealer_1508@kisanagro.in,Rajkot,Jasdan,GJ-SAURASHTRA-01,750000,Gujarati,Active
DLR-REG-1509,Shree Ram Krushi Kendra (Unjha),Hasmukh Desai,+91 98625 57692,dealer_1509@agrosphere.ai,Mehsana,Unjha,GJ-NORTH-01,200000,Gujarati,Active
DLR-REG-1510,Bharat Krushi Krushi Kendra (Visnagar),Dinesh Gajera,+91 97652 33480,dealer_1510@agrosphere.ai,Mehsana,Visnagar,GJ-NORTH-01,1000000,Gujarati,Active
DLR-REG-1511,Krushi Vikas Krushi Kendra (Hansot),Mukesh Patel,+91 98997 40375,dealer_1511@gmail.com,Bharuch,Hansot,GJ-SOUTH-02,500000,Gujarati,Active
DLR-REG-1512,Navjivan Krushi Kendra (Keshod),Bharat Shah,+91 98589 71561,dealer_1512@kisanagro.in,Junagadh,Keshod,GJ-SAURASHTRA-02,200000,Gujarati,Active
DLR-REG-1513,Agro Care Krushi Kendra (Amod),Kishor Panchal,+91 98078 85842,dealer_1513@agrosphere.ai,Bharuch,Amod,GJ-SOUTH-02,1000000,Gujarati,Active
DLR-REG-1514,Krushi Vikas Krushi Kendra (Umreth),Hasmukh Pandya,+91 99116 42975,dealer_1514@kisanagro.in,Anand,Umreth,GJ-CENTRAL-02,350000,Hindi,Active
DLR-REG-1515,Krushi Vikas Krushi Kendra (Khambhat),Dinesh Desai,+91 99474 10864,dealer_1515@agrosphere.ai,Anand,Khambhat,GJ-CENTRAL-02,350000,English,Active
DLR-REG-1516,Agro Care Krushi Kendra (Manavadar),Kishor Shah,+91 97866 29692,dealer_1516@gmail.com,Junagadh,Manavadar,GJ-SAURASHTRA-02,350000,Gujarati,Active
DLR-REG-1517,Navjivan Krushi Kendra (Bardoli),Bharat Chauhan,+91 99950 24855,dealer_1517@kisanagro.in,Surat,Bardoli,GJ-SOUTH-01,750000,English,Active
DLR-REG-1518,Green Earth Krushi Kendra (Manavadar),Mukesh Patel,+91 97176 26762,dealer_1518@agrosphere.ai,Junagadh,Manavadar,GJ-SAURASHTRA-02,1000000,Gujarati,Active
DLR-REG-1519,Vrundavan Krushi Kendra (Keshod),Pravin Gajera,+91 97681 43850,dealer_1519@gmail.com,Junagadh,Keshod,GJ-SAURASHTRA-02,1000000,English,Active
DLR-REG-1520,Patel Agro Krushi Kendra (Bardoli),Mukesh Sharma,+91 98839 89498,dealer_1520@kisanagro.in,Surat,Bardoli,GJ-SOUTH-01,750000,Gujarati,Active
DLR-REG-1521,Vrundavan Krushi Kendra (Una),Ramesh Gajera,+91 99552 96461,dealer_1521@agrosphere.ai,Junagadh,Una,GJ-SAURASHTRA-02,500000,Gujarati,Active
DLR-REG-1522,Kisan Seva Krushi Kendra (Amod),Hasmukh Pandya,+91 97941 59572,dealer_1522@kisanagro.in,Bharuch,Amod,GJ-SOUTH-02,350000,Gujarati,Active
DLR-REG-1523,Bharat Krushi Krushi Kendra (Jetpur),Haresh Parmar,+91 97612 89365,dealer_1523@gmail.com,Rajkot,Jetpur,GJ-SAURASHTRA-01,350000,English,Active
DLR-REG-1524,Bharat Krushi Krushi Kendra (Bardoli),Hasmukh Shah,+91 97381 73208,dealer_1524@agrosphere.ai,Surat,Bardoli,GJ-SOUTH-01,350000,Hindi,Active
DLR-REG-1525,Green Earth Krushi Kendra (Bardoli),Haresh Shah,+91 98517 15693,dealer_1525@agrosphere.ai,Surat,Bardoli,GJ-SOUTH-01,1000000,English,Active
DLR-REG-1526,Green Earth Krushi Kendra (Una),Hasmukh Verma,+91 98742 27548,dealer_1526@kisanagro.in,Junagadh,Una,GJ-SAURASHTRA-02,750000,Gujarati,Active
DLR-REG-1527,Patel Agro Krushi Kendra (Kadi),Haresh Pandya,+91 98055 34775,dealer_1527@gmail.com,Mehsana,Kadi,GJ-NORTH-01,200000,Hindi,Active
DLR-REG-1528,Bharat Krushi Krushi Kendra (Bardoli),Haresh Patel,+91 99681 36924,dealer_1528@agrosphere.ai,Surat,Bardoli,GJ-SOUTH-01,500000,English,Active
DLR-REG-1529,Shree Ram Krushi Kendra (Padra),Kishor Chauhan,+91 98070 80268,dealer_1529@kisanagro.in,Vadodara,Padra,GJ-CENTRAL-01,1000000,Gujarati,Active
DLR-REG-1530,Green Earth Krushi Kendra (Olpad),Mukesh Zala,+91 98692 82365,dealer_1530@agrosphere.ai,Surat,Olpad,GJ-SOUTH-01,750000,Gujarati,Active
DLR-REG-1531,Bharat Krushi Krushi Kendra (Waghodia),Kishor Desai,+91 98256 85713,dealer_1531@kisanagro.in,Vadodara,Waghodia,GJ-CENTRAL-01,750000,Gujarati,Active
DLR-REG-1532,Navjivan Krushi Kendra (Kadi),Ramesh Desai,+91 97410 38109,dealer_1532@agrosphere.ai,Mehsana,Kadi,GJ-NORTH-01,750000,Gujarati,Active
DLR-REG-1533,Shree Ram Krushi Kendra (Kadi),Pravin Chauhan,+91 97373 29048,dealer_1533@kisanagro.in,Mehsana,Kadi,GJ-NORTH-01,1000000,English,Active
DLR-REG-1534,Patel Agro Krushi Kendra (Gondal),Bharat Savaliya,+91 97327 89826,dealer_1534@gmail.com,Rajkot,Gondal,GJ-SAURASHTRA-01,750000,English,Active
DLR-REG-1535,Vrundavan Krushi Kendra (Olpad),Ramesh Patel,+91 99622 74797,dealer_1535@kisanagro.in,Surat,Olpad,GJ-SOUTH-01,200000,Gujarati,Active
DLR-REG-1536,Navjivan Krushi Kendra (Unjha),Mukesh Patel,+91 99519 32214,dealer_1536@agrosphere.ai,Mehsana,Unjha,GJ-NORTH-01,200000,Gujarati,Active
DLR-REG-1537,Shree Ram Krushi Kendra (Keshod),Kishor Sharma,+91 98636 56285,dealer_1537@agrosphere.ai,Junagadh,Keshod,GJ-SAURASHTRA-02,750000,English,Active
DLR-REG-1538,Bharat Krushi Krushi Kendra (Mandvi),Hasmukh Patel,+91 97369 82036,dealer_1538@kisanagro.in,Surat,Mandvi,GJ-SOUTH-01,1000000,Hindi,Active
DLR-REG-1539,Patel Agro Krushi Kendra (Savli),Mukesh Savaliya,+91 98862 62947,dealer_1539@agrosphere.ai,Vadodara,Savli,GJ-CENTRAL-01,200000,Gujarati,Active
DLR-REG-1540,Bharat Krushi Krushi Kendra (Una),Hasmukh Sharma,+91 99060 48568,dealer_1540@kisanagro.in,Junagadh,Una,GJ-SAURASHTRA-02,200000,Hindi,Active
DLR-REG-1541,Vrundavan Krushi Kendra (Waghodia),Dinesh Donga,+91 98544 83815,dealer_1541@kisanagro.in,Vadodara,Waghodia,GJ-CENTRAL-01,350000,Gujarati,Active
DLR-REG-1542,Kisan Seva Krushi Kendra (Vijapur),Pravin Pandya,+91 98974 25239,dealer_1542@kisanagro.in,Mehsana,Vijapur,GJ-NORTH-01,200000,English,Active
DLR-REG-1543,Navjivan Krushi Kendra (Jambusar),Bharat Zala,+91 98689 56281,dealer_1543@agrosphere.ai,Bharuch,Jambusar,GJ-SOUTH-02,1000000,Gujarati,Active
DLR-REG-1544,Navjivan Krushi Kendra (Amod),Hasmukh Donga,+91 98634 98302,dealer_1544@agrosphere.ai,Bharuch,Amod,GJ-SOUTH-02,500000,Gujarati,Active
DLR-REG-1545,Kisan Seva Krushi Kendra (Mandvi),Bharat Verma,+91 97895 85197,dealer_1545@kisanagro.in,Surat,Mandvi,GJ-SOUTH-01,350000,Gujarati,Active
DLR-REG-1546,Navjivan Krushi Kendra (Borsad),Mukesh Panchal,+91 98087 37102,dealer_1546@gmail.com,Anand,Borsad,GJ-CENTRAL-02,350000,Gujarati,Active
DLR-REG-1547,Shree Ram Krushi Kendra (Unjha),Hasmukh Zala,+91 97491 20287,dealer_1547@agrosphere.ai,Mehsana,Unjha,GJ-NORTH-01,750000,Hindi,Active
DLR-REG-1548,Kisan Seva Krushi Kendra (Gondal),Bharat Verma,+91 99016 85303,dealer_1548@kisanagro.in,Rajkot,Gondal,GJ-SAURASHTRA-01,750000,Gujarati,Active
DLR-REG-1549,Green Earth Krushi Kendra (Unjha),Ramesh Savaliya,+91 97221 78909,dealer_1549@kisanagro.in,Mehsana,Unjha,GJ-NORTH-01,750000,Hindi,Active
DLR-REG-1550,Green Earth Krushi Kendra (Jasdan),Ramesh Parmar,+91 98872 25776,dealer_1550@agrosphere.ai,Rajkot,Jasdan,GJ-SAURASHTRA-01,1000000,English,Active
DLR-REG-1551,Kisan Sahay Krushi Kendra (Padra),Mukesh Gohil,+91 98554 86153,dealer_1551@gmail.com,Vadodara,Padra,GJ-CENTRAL-01,500000,Gujarati,Active
DLR-REG-1552,Shree Ram Krushi Kendra (Olpad),Kishor Shah,+91 97971 45311,dealer_1552@kisanagro.in,Surat,Olpad,GJ-SOUTH-01,1000000,Gujarati,Active
DLR-REG-1553,Kisan Seva Krushi Kendra (Karjan),Mukesh Chauhan,+91 98716 58799,dealer_1553@kisanagro.in,Vadodara,Karjan,GJ-CENTRAL-01,750000,Gujarati,Active
DLR-REG-1554,Vrundavan Krushi Kendra (Borsad),Mukesh Gajera,+91 97409 45382,dealer_1554@gmail.com,Anand,Borsad,GJ-CENTRAL-02,1000000,English,Active
DLR-REG-1555,Navjivan Krushi Kendra (Vijapur),Ramesh Gajera,+91 98937 11276,dealer_1555@gmail.com,Mehsana,Vijapur,GJ-NORTH-01,750000,English,Active
DLR-REG-1556,Kisan Seva Krushi Kendra (Visavadar),Kishor Donga,+91 99302 84427,dealer_1556@gmail.com,Junagadh,Visavadar,GJ-SAURASHTRA-02,750000,Gujarati,Active
DLR-REG-1557,Kisan Sahay Krushi Kendra (Jambusar),Kishor Savaliya,+91 98951 92557,dealer_1557@gmail.com,Bharuch,Jambusar,GJ-SOUTH-02,750000,Gujarati,Active
DLR-REG-1558,Krushi Vikas Krushi Kendra (Savli),Kishor Shah,+91 98409 12599,dealer_1558@kisanagro.in,Vadodara,Savli,GJ-CENTRAL-01,200000,Gujarati,Active
DLR-REG-1559,Vrundavan Krushi Kendra (Visnagar),Ramesh Pandya,+91 98165 56544,dealer_1559@kisanagro.in,Mehsana,Visnagar,GJ-NORTH-01,1000000,English,Active
DLR-REG-1560,Agro Care Krushi Kendra (Vijapur),Kishor Chauhan,+91 98899 92799,dealer_1560@gmail.com,Mehsana,Vijapur,GJ-NORTH-01,350000,Gujarati,Active
DLR-REG-1561,Vrundavan Krushi Kendra (Tarapur),Hasmukh Chauhan,+91 97324 31233,dealer_1561@kisanagro.in,Anand,Tarapur,GJ-CENTRAL-02,350000,Gujarati,Active
DLR-REG-1562,Patel Agro Krushi Kendra (Savli),Haresh Pandya,+91 98111 68313,dealer_1562@kisanagro.in,Vadodara,Savli,GJ-CENTRAL-01,1000000,Hindi,Active
DLR-REG-1563,Shree Ram Krushi Kendra (Umreth),Pravin Gajera,+91 97512 40753,dealer_1563@agrosphere.ai,Anand,Umreth,GJ-CENTRAL-02,500000,Gujarati,Active
DLR-REG-1564,Green Earth Krushi Kendra (Manavadar),Hasmukh Sharma,+91 97261 72021,dealer_1564@agrosphere.ai,Junagadh,Manavadar,GJ-SAURASHTRA-02,200000,Gujarati,Active
DLR-REG-1565,Bharat Krushi Krushi Kendra (Vijapur),Hasmukh Zala,+91 97425 44400,dealer_1565@agrosphere.ai,Mehsana,Vijapur,GJ-NORTH-01,350000,Gujarati,Active
DLR-REG-1566,Patel Agro Krushi Kendra (Hansot),Mukesh Savaliya,+91 98163 68085,dealer_1566@agrosphere.ai,Bharuch,Hansot,GJ-SOUTH-02,350000,Gujarati,Active
DLR-REG-1567,Kisan Sahay Krushi Kendra (Mandvi),Bharat Patel,+91 98332 72410,dealer_1567@kisanagro.in,Surat,Mandvi,GJ-SOUTH-01,1000000,Gujarati,Active
DLR-REG-1568,Shree Ram Krushi Kendra (Mahuva),Ramesh Panchal,+91 99420 88326,dealer_1568@kisanagro.in,Surat,Mahuva,GJ-SOUTH-01,1000000,English,Active
DLR-REG-1569,Krushi Vikas Krushi Kendra (Olpad),Mukesh Desai,+91 97366 67915,dealer_1569@kisanagro.in,Surat,Olpad,GJ-SOUTH-01,500000,English,Active
DLR-REG-1570,Patel Agro Krushi Kendra (Karjan),Pravin Patel,+91 99143 27865,dealer_1570@kisanagro.in,Vadodara,Karjan,GJ-CENTRAL-01,500000,English,Active
DLR-REG-1571,Kisan Seva Krushi Kendra (Bardoli),Dinesh Zala,+91 98227 11197,dealer_1571@kisanagro.in,Surat,Bardoli,GJ-SOUTH-01,500000,Hindi,Active
DLR-REG-1572,Bharat Krushi Krushi Kendra (Keshod),Mukesh Verma,+91 98686 83472,dealer_1572@kisanagro.in,Junagadh,Keshod,GJ-SAURASHTRA-02,750000,Gujarati,Active
DLR-REG-1573,Green Earth Krushi Kendra (Una),Kishor Savaliya,+91 97324 65343,dealer_1573@agrosphere.ai,Junagadh,Una,GJ-SAURASHTRA-02,350000,Hindi,Active
DLR-REG-1574,Patel Agro Krushi Kendra (Unjha),Kishor Gohil,+91 98691 34641,dealer_1574@gmail.com,Mehsana,Unjha,GJ-NORTH-01,350000,Gujarati,Active
DLR-REG-1575,Kisan Seva Krushi Kendra (Padra),Dinesh Pandya,+91 98114 91625,dealer_1575@kisanagro.in,Vadodara,Padra,GJ-CENTRAL-01,350000,Gujarati,Active
DLR-REG-1576,Kisan Sahay Krushi Kendra (Jetpur),Pravin Shah,+91 97761 23405,dealer_1576@kisanagro.in,Rajkot,Jetpur,GJ-SAURASHTRA-01,500000,Gujarati,Active
DLR-REG-1577,Kisan Sahay Krushi Kendra (Hansot),Hasmukh Savaliya,+91 97617 11930,dealer_1577@kisanagro.in,Bharuch,Hansot,GJ-SOUTH-02,350000,Gujarati,Active
DLR-REG-1578,Kisan Seva Krushi Kendra (Khambhat),Dinesh Verma,+91 99854 14159,dealer_1578@kisanagro.in,Anand,Khambhat,GJ-CENTRAL-02,200000,Gujarati,Active
DLR-REG-1579,Green Earth Krushi Kendra (Jasdan),Dinesh Sharma,+91 97743 35191,dealer_1579@kisanagro.in,Rajkot,Jasdan,GJ-SAURASHTRA-01,750000,Gujarati,Active
DLR-REG-1580,Green Earth Krushi Kendra (Jetpur),Dinesh Zala,+91 98012 14392,dealer_1580@gmail.com,Rajkot,Jetpur,GJ-SAURASHTRA-01,750000,Gujarati,Active
DLR-REG-1581,Kisan Seva Krushi Kendra (Mandvi),Kishor Chauhan,+91 98323 30789,dealer_1581@agrosphere.ai,Surat,Mandvi,GJ-SOUTH-01,200000,Hindi,Active
DLR-REG-1582,Patel Agro Krushi Kendra (Bardoli),Kishor Desai,+91 97813 57241,dealer_1582@gmail.com,Surat,Bardoli,GJ-SOUTH-01,350000,Gujarati,Active
DLR-REG-1583,Krushi Vikas Krushi Kendra (Una),Ramesh Patel,+91 98130 86637,dealer_1583@gmail.com,Junagadh,Una,GJ-SAURASHTRA-02,750000,Gujarati,Active
DLR-REG-1584,Vrundavan Krushi Kendra (Gondal),Dinesh Zala,+91 99819 88146,dealer_1584@gmail.com,Rajkot,Gondal,GJ-SAURASHTRA-01,500000,Gujarati,Active
DLR-REG-1585,Kisan Seva Krushi Kendra (Manavadar),Bharat Sharma,+91 99560 17871,dealer_1585@gmail.com,Junagadh,Manavadar,GJ-SAURASHTRA-02,500000,Gujarati,Active
DLR-REG-1586,Shree Ram Krushi Kendra (Ankleshwar),Mukesh Desai,+91 98297 83184,dealer_1586@agrosphere.ai,Bharuch,Ankleshwar,GJ-SOUTH-02,500000,English,Active
DLR-REG-1587,Kisan Sahay Krushi Kendra (Jambusar),Haresh Panchal,+91 98467 27659,dealer_1587@kisanagro.in,Bharuch,Jambusar,GJ-SOUTH-02,200000,English,Active
DLR-REG-1588,Bharat Krushi Krushi Kendra (Hansot),Dinesh Donga,+91 97777 84278,dealer_1588@gmail.com,Bharuch,Hansot,GJ-SOUTH-02,1000000,Gujarati,Active
DLR-REG-1589,Patel Agro Krushi Kendra (Dabhoi),Ramesh Parmar,+91 97282 79617,dealer_1589@gmail.com,Vadodara,Dabhoi,GJ-CENTRAL-01,750000,Gujarati,Active
DLR-REG-1590,Bharat Krushi Krushi Kendra (Unjha),Dinesh Verma,+91 97002 93627,dealer_1590@agrosphere.ai,Mehsana,Unjha,GJ-NORTH-01,750000,Gujarati,Active
DLR-REG-1591,Vrundavan Krushi Kendra (Jasdan),Bharat Savaliya,+91 99953 18302,dealer_1591@agrosphere.ai,Rajkot,Jasdan,GJ-SAURASHTRA-01,1000000,English,Active
DLR-REG-1592,Bharat Krushi Krushi Kendra (Una),Kishor Gajera,+91 98321 63713,dealer_1592@agrosphere.ai,Junagadh,Una,GJ-SAURASHTRA-02,500000,Gujarati,Active
DLR-REG-1593,Kisan Sahay Krushi Kendra (Gondal),Ramesh Parmar,+91 97731 14099,dealer_1593@gmail.com,Rajkot,Gondal,GJ-SAURASHTRA-01,200000,English,Active
DLR-REG-1594,Kisan Sahay Krushi Kendra (Keshod),Haresh Pandya,+91 99694 74213,dealer_1594@agrosphere.ai,Junagadh,Keshod,GJ-SAURASHTRA-02,1000000,Hindi,Active
DLR-REG-1595,Krushi Vikas Krushi Kendra (Padra),Hasmukh Savaliya,+91 97053 37359,dealer_1595@agrosphere.ai,Vadodara,Padra,GJ-CENTRAL-01,750000,Gujarati,Active
DLR-REG-1596,Krushi Vikas Krushi Kendra (Petlad),Haresh Shah,+91 98511 17641,dealer_1596@agrosphere.ai,Anand,Petlad,GJ-CENTRAL-02,500000,Hindi,Active
DLR-REG-1597,Patel Agro Krushi Kendra (Gondal),Mukesh Sharma,+91 99127 22729,dealer_1597@gmail.com,Rajkot,Gondal,GJ-SAURASHTRA-01,350000,Hindi,Active
DLR-REG-1598,Navjivan Krushi Kendra (Borsad),Mukesh Shah,+91 99334 91962,dealer_1598@gmail.com,Anand,Borsad,GJ-CENTRAL-02,1000000,Hindi,Active
DLR-REG-1599,Vrundavan Krushi Kendra (Petlad),Dinesh Verma,+91 99877 97194,dealer_1599@kisanagro.in,Anand,Petlad,GJ-CENTRAL-02,200000,Gujarati,Active
DLR-REG-1600,Bharat Krushi Krushi Kendra (Visnagar),Bharat Chauhan,+91 99693 30732,dealer_1600@agrosphere.ai,Mehsana,Visnagar,GJ-NORTH-01,1000000,English,Active
DLR-REG-1601,Bharat Krushi Krushi Kendra (Savli),Bharat Verma,+91 98688 93000,dealer_1601@kisanagro.in,Vadodara,Savli,GJ-CENTRAL-01,500000,Hindi,Active
DLR-REG-1602,Green Earth Krushi Kendra (Manavadar),Kishor Zala,+91 98474 69297,dealer_1602@kisanagro.in,Junagadh,Manavadar,GJ-SAURASHTRA-02,750000,Gujarati,Active
DLR-REG-1603,Patel Agro Krushi Kendra (Ankleshwar),Pravin Pandya,+91 99120 27705,dealer_1603@kisanagro.in,Bharuch,Ankleshwar,GJ-SOUTH-02,200000,Gujarati,Active
DLR-REG-1604,Krushi Vikas Krushi Kendra (Manavadar),Kishor Patel,+91 99267 77013,dealer_1604@agrosphere.ai,Junagadh,Manavadar,GJ-SAURASHTRA-02,1000000,Hindi,Active
DLR-REG-1605,Kisan Sahay Krushi Kendra (Keshod),Bharat Desai,+91 97639 28141,dealer_1605@kisanagro.in,Junagadh,Keshod,GJ-SAURASHTRA-02,500000,Hindi,Active
DLR-REG-1606,Patel Agro Krushi Kendra (Manavadar),Kishor Zala,+91 97376 84774,dealer_1606@kisanagro.in,Junagadh,Manavadar,GJ-SAURASHTRA-02,1000000,Gujarati,Active
DLR-REG-1607,Krushi Vikas Krushi Kendra (Ankleshwar),Dinesh Zala,+91 97708 73999,dealer_1607@agrosphere.ai,Bharuch,Ankleshwar,GJ-SOUTH-02,1000000,Gujarati,Active
DLR-REG-1608,Kisan Sahay Krushi Kendra (Olpad),Haresh Panchal,+91 97321 17329,dealer_1608@kisanagro.in,Surat,Olpad,GJ-SOUTH-01,500000,English,Active
DLR-REG-1609,Navjivan Krushi Kendra (Petlad),Pravin Panchal,+91 99596 92862,dealer_1609@kisanagro.in,Anand,Petlad,GJ-CENTRAL-02,200000,Gujarati,Active
DLR-REG-1610,Krushi Vikas Krushi Kendra (Bardoli),Ramesh Shah,+91 98338 75850,dealer_1610@agrosphere.ai,Surat,Bardoli,GJ-SOUTH-01,350000,Gujarati,Active
DLR-REG-1611,Kisan Seva Krushi Kendra (Dhoraji),Hasmukh Zala,+91 97909 66614,dealer_1611@kisanagro.in,Rajkot,Dhoraji,GJ-SAURASHTRA-01,750000,Gujarati,Active
DLR-REG-1612,Agro Care Krushi Kendra (Visavadar),Pravin Desai,+91 99245 62322,dealer_1612@kisanagro.in,Junagadh,Visavadar,GJ-SAURASHTRA-02,200000,English,Active
DLR-REG-1613,Shree Ram Krushi Kendra (Mahuva),Ramesh Zala,+91 98969 83308,dealer_1613@gmail.com,Surat,Mahuva,GJ-SOUTH-01,750000,English,Active
DLR-REG-1614,Bharat Krushi Krushi Kendra (Jambusar),Mukesh Pandya,+91 97992 19390,dealer_1614@kisanagro.in,Bharuch,Jambusar,GJ-SOUTH-02,750000,Gujarati,Active
DLR-REG-1615,Agro Care Krushi Kendra (Ankleshwar),Haresh Gohil,+91 98734 57876,dealer_1615@kisanagro.in,Bharuch,Ankleshwar,GJ-SOUTH-02,350000,Gujarati,Active
DLR-REG-1616,Kisan Sahay Krushi Kendra (Waghodia),Kishor Zala,+91 97693 55838,dealer_1616@agrosphere.ai,Vadodara,Waghodia,GJ-CENTRAL-01,750000,Hindi,Active
DLR-REG-1617,Kisan Sahay Krushi Kendra (Una),Mukesh Parmar,+91 97817 99831,dealer_1617@kisanagro.in,Junagadh,Una,GJ-SAURASHTRA-02,350000,Gujarati,Active
DLR-REG-1618,Navjivan Krushi Kendra (Gondal),Ramesh Pandya,+91 98178 11800,dealer_1618@kisanagro.in,Rajkot,Gondal,GJ-SAURASHTRA-01,200000,Gujarati,Active
DLR-REG-1619,Kisan Sahay Krushi Kendra (Umreth),Mukesh Verma,+91 99203 37770,dealer_1619@gmail.com,Anand,Umreth,GJ-CENTRAL-02,1000000,Hindi,Active
DLR-REG-1620,Bharat Krushi Krushi Kendra (Unjha),Ramesh Desai,+91 99847 97590,dealer_1620@gmail.com,Mehsana,Unjha,GJ-NORTH-01,750000,Hindi,Active
DLR-REG-1621,Patel Agro Krushi Kendra (Ankleshwar),Pravin Gajera,+91 98163 36305,dealer_1621@agrosphere.ai,Bharuch,Ankleshwar,GJ-SOUTH-02,1000000,Gujarati,Active
DLR-REG-1622,Kisan Sahay Krushi Kendra (Dhoraji),Haresh Sharma,+91 99704 45561,dealer_1622@agrosphere.ai,Rajkot,Dhoraji,GJ-SAURASHTRA-01,500000,Gujarati,Active
DLR-REG-1623,Green Earth Krushi Kendra (Jasdan),Haresh Savaliya,+91 99082 23055,dealer_1623@kisanagro.in,Rajkot,Jasdan,GJ-SAURASHTRA-01,750000,Hindi,Active
DLR-REG-1624,Shree Ram Krushi Kendra (Bardoli),Dinesh Savaliya,+91 99296 12816,dealer_1624@gmail.com,Surat,Bardoli,GJ-SOUTH-01,350000,Hindi,Active
DLR-REG-1625,Kisan Seva Krushi Kendra (Savli),Ramesh Chauhan,+91 97075 55453,dealer_1625@agrosphere.ai,Vadodara,Savli,GJ-CENTRAL-01,500000,Gujarati,Active
DLR-REG-1626,Navjivan Krushi Kendra (Amod),Kishor Shah,+91 97253 92023,dealer_1626@kisanagro.in,Bharuch,Amod,GJ-SOUTH-02,750000,Gujarati,Active
DLR-REG-1627,Navjivan Krushi Kendra (Olpad),Bharat Gajera,+91 98609 96105,dealer_1627@gmail.com,Surat,Olpad,GJ-SOUTH-01,200000,English,Active
DLR-REG-1628,Green Earth Krushi Kendra (Mandvi),Ramesh Savaliya,+91 98746 50944,dealer_1628@agrosphere.ai,Surat,Mandvi,GJ-SOUTH-01,500000,English,Active
DLR-REG-1629,Navjivan Krushi Kendra (Mandvi),Ramesh Gohil,+91 99379 80956,dealer_1629@agrosphere.ai,Surat,Mandvi,GJ-SOUTH-01,350000,Gujarati,Active
DLR-REG-1630,Shree Ram Krushi Kendra (Waghodia),Ramesh Chauhan,+91 99687 84035,dealer_1630@gmail.com,Vadodara,Waghodia,GJ-CENTRAL-01,500000,Gujarati,Active
DLR-REG-1631,Shree Ram Krushi Kendra (Bardoli),Ramesh Verma,+91 99978 13864,dealer_1631@kisanagro.in,Surat,Bardoli,GJ-SOUTH-01,750000,English,Active
DLR-REG-1632,Patel Agro Krushi Kendra (Dabhoi),Mukesh Gajera,+91 97437 27241,dealer_1632@gmail.com,Vadodara,Dabhoi,GJ-CENTRAL-01,200000,Hindi,Active
DLR-REG-1633,Vrundavan Krushi Kendra (Olpad),Mukesh Pandya,+91 99442 40432,dealer_1633@gmail.com,Surat,Olpad,GJ-SOUTH-01,200000,Gujarati,Active
DLR-REG-1634,Shree Ram Krushi Kendra (Dhoraji),Dinesh Shah,+91 99916 95140,dealer_1634@kisanagro.in,Rajkot,Dhoraji,GJ-SAURASHTRA-01,350000,English,Active
DLR-REG-1635,Shree Ram Krushi Kendra (Umreth),Mukesh Gajera,+91 97926 14224,dealer_1635@kisanagro.in,Anand,Umreth,GJ-CENTRAL-02,200000,Gujarati,Active
DLR-REG-1636,Navjivan Krushi Kendra (Borsad),Mukesh Zala,+91 97270 33209,dealer_1636@kisanagro.in,Anand,Borsad,GJ-CENTRAL-02,1000000,English,Active
DLR-REG-1637,Kisan Seva Krushi Kendra (Amod),Haresh Savaliya,+91 98658 15482,dealer_1637@agrosphere.ai,Bharuch,Amod,GJ-SOUTH-02,750000,Gujarati,Active
DLR-REG-1638,Vrundavan Krushi Kendra (Tarapur),Pravin Pandya,+91 99132 24328,dealer_1638@kisanagro.in,Anand,Tarapur,GJ-CENTRAL-02,750000,Gujarati,Active
DLR-REG-1639,Kisan Sahay Krushi Kendra (Una),Haresh Shah,+91 99114 92660,dealer_1639@gmail.com,Junagadh,Una,GJ-SAURASHTRA-02,350000,Gujarati,Active
DLR-REG-1640,Patel Agro Krushi Kendra (Umreth),Kishor Zala,+91 98889 31821,dealer_1640@kisanagro.in,Anand,Umreth,GJ-CENTRAL-02,500000,Hindi,Active
DLR-REG-1641,Kisan Seva Krushi Kendra (Jetpur),Dinesh Parmar,+91 97370 75622,dealer_1641@gmail.com,Rajkot,Jetpur,GJ-SAURASHTRA-01,350000,Hindi,Active
DLR-REG-1642,Green Earth Krushi Kendra (Jambusar),Bharat Chauhan,+91 98846 13265,dealer_1642@gmail.com,Bharuch,Jambusar,GJ-SOUTH-02,750000,Hindi,Active
DLR-REG-1643,Kisan Seva Krushi Kendra (Jambusar),Kishor Sharma,+91 98327 95010,dealer_1643@agrosphere.ai,Bharuch,Jambusar,GJ-SOUTH-02,350000,Gujarati,Active
DLR-REG-1644,Kisan Seva Krushi Kendra (Gondal),Bharat Gohil,+91 97349 78657,dealer_1644@agrosphere.ai,Rajkot,Gondal,GJ-SAURASHTRA-01,750000,Hindi,Active
DLR-REG-1645,Green Earth Krushi Kendra (Mandvi),Haresh Shah,+91 97179 32398,dealer_1645@kisanagro.in,Surat,Mandvi,GJ-SOUTH-01,1000000,Gujarati,Active
DLR-REG-1646,Shree Ram Krushi Kendra (Manavadar),Pravin Zala,+91 98718 50378,dealer_1646@kisanagro.in,Junagadh,Manavadar,GJ-SAURASHTRA-02,750000,Gujarati,Active
DLR-REG-1647,Agro Care Krushi Kendra (Jambusar),Mukesh Gajera,+91 97014 91600,dealer_1647@kisanagro.in,Bharuch,Jambusar,GJ-SOUTH-02,200000,English,Active
DLR-REG-1648,Bharat Krushi Krushi Kendra (Umreth),Pravin Zala,+91 99490 74679,dealer_1648@gmail.com,Anand,Umreth,GJ-CENTRAL-02,350000,Hindi,Active
DLR-REG-1649,Kisan Seva Krushi Kendra (Hansot),Dinesh Chauhan,+91 97325 88802,dealer_1649@agrosphere.ai,Bharuch,Hansot,GJ-SOUTH-02,200000,Gujarati,Active
DLR-REG-1650,Vrundavan Krushi Kendra (Olpad),Mukesh Gohil,+91 97200 34227,dealer_1650@gmail.com,Surat,Olpad,GJ-SOUTH-01,200000,Gujarati,Active
DLR-REG-1651,Kisan Sahay Krushi Kendra (Jetpur),Kishor Gohil,+91 98356 21495,dealer_1651@gmail.com,Rajkot,Jetpur,GJ-SAURASHTRA-01,200000,English,Active
DLR-REG-1652,Patel Agro Krushi Kendra (Manavadar),Ramesh Pandya,+91 98865 85886,dealer_1652@kisanagro.in,Junagadh,Manavadar,GJ-SAURASHTRA-02,200000,Gujarati,Active
DLR-REG-1653,Krushi Vikas Krushi Kendra (Unjha),Haresh Verma,+91 97277 66010,dealer_1653@agrosphere.ai,Mehsana,Unjha,GJ-NORTH-01,200000,Gujarati,Active
DLR-REG-1654,Agro Care Krushi Kendra (Borsad),Kishor Panchal,+91 98348 79081,dealer_1654@kisanagro.in,Anand,Borsad,GJ-CENTRAL-02,1000000,Gujarati,Active
DLR-REG-1655,Vrundavan Krushi Kendra (Jambusar),Hasmukh Patel,+91 99340 92441,dealer_1655@agrosphere.ai,Bharuch,Jambusar,GJ-SOUTH-02,200000,English,Active
DLR-REG-1656,Green Earth Krushi Kendra (Amod),Bharat Pandya,+91 98063 78864,dealer_1656@agrosphere.ai,Bharuch,Amod,GJ-SOUTH-02,1000000,Gujarati,Active
DLR-REG-1657,Bharat Krushi Krushi Kendra (Una),Dinesh Panchal,+91 99017 33580,dealer_1657@agrosphere.ai,Junagadh,Una,GJ-SAURASHTRA-02,350000,Gujarati,Active
DLR-REG-1658,Agro Care Krushi Kendra (Keshod),Dinesh Patel,+91 99561 25456,dealer_1658@agrosphere.ai,Junagadh,Keshod,GJ-SAURASHTRA-02,350000,Hindi,Active
DLR-REG-1659,Kisan Sahay Krushi Kendra (Umreth),Bharat Verma,+91 99295 93558,dealer_1659@gmail.com,Anand,Umreth,GJ-CENTRAL-02,200000,Gujarati,Active
DLR-REG-1660,Patel Agro Krushi Kendra (Amod),Hasmukh Zala,+91 98260 49358,dealer_1660@agrosphere.ai,Bharuch,Amod,GJ-SOUTH-02,1000000,Gujarati,Active
DLR-REG-1661,Agro Care Krushi Kendra (Kadi),Bharat Gohil,+91 98398 61910,dealer_1661@agrosphere.ai,Mehsana,Kadi,GJ-NORTH-01,1000000,Hindi,Active
DLR-REG-1662,Navjivan Krushi Kendra (Jetpur),Bharat Verma,+91 99754 72797,dealer_1662@kisanagro.in,Rajkot,Jetpur,GJ-SAURASHTRA-01,200000,Gujarati,Active
DLR-REG-1663,Kisan Seva Krushi Kendra (Borsad),Bharat Parmar,+91 98894 64257,dealer_1663@agrosphere.ai,Anand,Borsad,GJ-CENTRAL-02,200000,Hindi,Active
DLR-REG-1664,Krushi Vikas Krushi Kendra (Waghodia),Pravin Shah,+91 97853 85680,dealer_1664@agrosphere.ai,Vadodara,Waghodia,GJ-CENTRAL-01,500000,Gujarati,Active
DLR-REG-1665,Patel Agro Krushi Kendra (Jetpur),Pravin Parmar,+91 98389 59183,dealer_1665@agrosphere.ai,Rajkot,Jetpur,GJ-SAURASHTRA-01,1000000,Gujarati,Active
DLR-REG-1666,Shree Ram Krushi Kendra (Mahuva),Hasmukh Pandya,+91 98262 51222,dealer_1666@agrosphere.ai,Surat,Mahuva,GJ-SOUTH-01,200000,Gujarati,Active
DLR-REG-1667,Kisan Seva Krushi Kendra (Petlad),Bharat Savaliya,+91 98851 49666,dealer_1667@gmail.com,Anand,Petlad,GJ-CENTRAL-02,1000000,Gujarati,Active
DLR-REG-1668,Krushi Vikas Krushi Kendra (Keshod),Pravin Zala,+91 97827 22137,dealer_1668@kisanagro.in,Junagadh,Keshod,GJ-SAURASHTRA-02,1000000,Gujarati,Active
DLR-REG-1669,Bharat Krushi Krushi Kendra (Vijapur),Mukesh Gajera,+91 98393 73369,dealer_1669@agrosphere.ai,Mehsana,Vijapur,GJ-NORTH-01,1000000,Gujarati,Active
DLR-REG-1670,Shree Ram Krushi Kendra (Unjha),Hasmukh Zala,+91 99114 98698,dealer_1670@gmail.com,Mehsana,Unjha,GJ-NORTH-01,350000,Gujarati,Active
DLR-REG-1671,Bharat Krushi Krushi Kendra (Umreth),Pravin Sharma,+91 98273 15771,dealer_1671@agrosphere.ai,Anand,Umreth,GJ-CENTRAL-02,1000000,Gujarati,Active
DLR-REG-1672,Kisan Sahay Krushi Kendra (Dabhoi),Kishor Sharma,+91 97092 85701,dealer_1672@kisanagro.in,Vadodara,Dabhoi,GJ-CENTRAL-01,350000,Gujarati,Active
DLR-REG-1673,Patel Agro Krushi Kendra (Manavadar),Bharat Donga,+91 98806 97965,dealer_1673@gmail.com,Junagadh,Manavadar,GJ-SAURASHTRA-02,500000,Gujarati,Active
DLR-REG-1674,Agro Care Krushi Kendra (Visavadar),Hasmukh Patel,+91 97846 81110,dealer_1674@kisanagro.in,Junagadh,Visavadar,GJ-SAURASHTRA-02,1000000,Gujarati,Active
DLR-REG-1675,Patel Agro Krushi Kendra (Karjan),Mukesh Pandya,+91 97701 19337,dealer_1675@kisanagro.in,Vadodara,Karjan,GJ-CENTRAL-01,1000000,Gujarati,Active
DLR-REG-1676,Kisan Sahay Krushi Kendra (Mahuva),Pravin Gajera,+91 98928 98538,dealer_1676@gmail.com,Surat,Mahuva,GJ-SOUTH-01,200000,English,Active
DLR-REG-1677,Green Earth Krushi Kendra (Gondal),Ramesh Chauhan,+91 99886 88134,dealer_1677@agrosphere.ai,Rajkot,Gondal,GJ-SAURASHTRA-01,750000,Hindi,Active
DLR-REG-1678,Krushi Vikas Krushi Kendra (Savli),Mukesh Parmar,+91 99920 97932,dealer_1678@agrosphere.ai,Vadodara,Savli,GJ-CENTRAL-01,200000,English,Active
DLR-REG-1679,Agro Care Krushi Kendra (Mandvi),Dinesh Parmar,+91 97398 69714,dealer_1679@kisanagro.in,Surat,Mandvi,GJ-SOUTH-01,750000,English,Active
DLR-REG-1680,Shree Ram Krushi Kendra (Manavadar),Kishor Parmar,+91 98488 61390,dealer_1680@gmail.com,Junagadh,Manavadar,GJ-SAURASHTRA-02,500000,Gujarati,Active
DLR-REG-1681,Kisan Sahay Krushi Kendra (Umreth),Dinesh Sharma,+91 97462 56064,dealer_1681@kisanagro.in,Anand,Umreth,GJ-CENTRAL-02,750000,Gujarati,Active
DLR-REG-1682,Vrundavan Krushi Kendra (Savli),Ramesh Pandya,+91 99080 23491,dealer_1682@kisanagro.in,Vadodara,Savli,GJ-CENTRAL-01,200000,Gujarati,Active
DLR-REG-1683,Patel Agro Krushi Kendra (Bardoli),Dinesh Shah,+91 98641 87402,dealer_1683@kisanagro.in,Surat,Bardoli,GJ-SOUTH-01,350000,Hindi,Active
DLR-REG-1684,Kisan Seva Krushi Kendra (Manavadar),Hasmukh Chauhan,+91 98395 37294,dealer_1684@agrosphere.ai,Junagadh,Manavadar,GJ-SAURASHTRA-02,1000000,English,Active
DLR-REG-1685,Vrundavan Krushi Kendra (Vijapur),Bharat Zala,+91 99230 40953,dealer_1685@gmail.com,Mehsana,Vijapur,GJ-NORTH-01,200000,Hindi,Active
DLR-REG-1686,Agro Care Krushi Kendra (Vijapur),Dinesh Pandya,+91 98332 82756,dealer_1686@gmail.com,Mehsana,Vijapur,GJ-NORTH-01,750000,Gujarati,Active
DLR-REG-1687,Agro Care Krushi Kendra (Dabhoi),Hasmukh Pandya,+91 99807 88172,dealer_1687@kisanagro.in,Vadodara,Dabhoi,GJ-CENTRAL-01,500000,English,Active
DLR-REG-1688,Agro Care Krushi Kendra (Ankleshwar),Ramesh Savaliya,+91 99378 93379,dealer_1688@gmail.com,Bharuch,Ankleshwar,GJ-SOUTH-02,350000,Gujarati,Active
DLR-REG-1689,Patel Agro Krushi Kendra (Tarapur),Dinesh Chauhan,+91 97801 36956,dealer_1689@agrosphere.ai,Anand,Tarapur,GJ-CENTRAL-02,500000,Gujarati,Active
DLR-REG-1690,Green Earth Krushi Kendra (Olpad),Bharat Panchal,+91 97365 86379,dealer_1690@gmail.com,Surat,Olpad,GJ-SOUTH-01,1000000,Hindi,Active
DLR-REG-1691,Patel Agro Krushi Kendra (Borsad),Bharat Patel,+91 99248 16963,dealer_1691@gmail.com,Anand,Borsad,GJ-CENTRAL-02,1000000,Gujarati,Active
DLR-REG-1692,Kisan Sahay Krushi Kendra (Jasdan),Haresh Savaliya,+91 99876 87353,dealer_1692@kisanagro.in,Rajkot,Jasdan,GJ-SAURASHTRA-01,500000,English,Active
DLR-REG-1693,Green Earth Krushi Kendra (Umreth),Mukesh Shah,+91 99713 32729,dealer_1693@kisanagro.in,Anand,Umreth,GJ-CENTRAL-02,350000,Gujarati,Active
DLR-REG-1694,Krushi Vikas Krushi Kendra (Mahuva),Haresh Parmar,+91 97631 47810,dealer_1694@agrosphere.ai,Surat,Mahuva,GJ-SOUTH-01,350000,Gujarati,Active
DLR-REG-1695,Kisan Sahay Krushi Kendra (Gondal),Dinesh Gajera,+91 99694 67243,dealer_1695@gmail.com,Rajkot,Gondal,GJ-SAURASHTRA-01,200000,Gujarati,Active
DLR-REG-1696,Kisan Seva Krushi Kendra (Hansot),Haresh Zala,+91 99552 33566,dealer_1696@kisanagro.in,Bharuch,Hansot,GJ-SOUTH-02,1000000,English,Active
DLR-REG-1697,Green Earth Krushi Kendra (Mahuva),Mukesh Verma,+91 97761 65675,dealer_1697@agrosphere.ai,Surat,Mahuva,GJ-SOUTH-01,200000,Hindi,Active
DLR-REG-1698,Bharat Krushi Krushi Kendra (Borsad),Haresh Donga,+91 99237 85543,dealer_1698@kisanagro.in,Anand,Borsad,GJ-CENTRAL-02,200000,Gujarati,Active
DLR-REG-1699,Krushi Vikas Krushi Kendra (Mahuva),Dinesh Sharma,+91 99828 20494,dealer_1699@gmail.com,Surat,Mahuva,GJ-SOUTH-01,1000000,Gujarati,Active
DLR-REG-1700,Agro Care Krushi Kendra (Tarapur),Hasmukh Shah,+91 98004 71925,dealer_1700@agrosphere.ai,Anand,Tarapur,GJ-CENTRAL-02,200000,Hindi,Active
DLR-REG-1701,Vrundavan Krushi Kendra (Unjha),Bharat Patel,+91 99191 11413,dealer_1701@kisanagro.in,Mehsana,Unjha,GJ-NORTH-01,750000,Hindi,Active
DLR-REG-1702,Krushi Vikas Krushi Kendra (Tarapur),Bharat Chauhan,+91 98206 47907,dealer_1702@gmail.com,Anand,Tarapur,GJ-CENTRAL-02,200000,Hindi,Active
DLR-REG-1703,Vrundavan Krushi Kendra (Amod),Pravin Donga,+91 99577 72018,dealer_1703@agrosphere.ai,Bharuch,Amod,GJ-SOUTH-02,350000,Hindi,Active
DLR-REG-1704,Vrundavan Krushi Kendra (Jasdan),Kishor Patel,+91 98985 20814,dealer_1704@gmail.com,Rajkot,Jasdan,GJ-SAURASHTRA-01,1000000,Gujarati,Active
DLR-REG-1705,Patel Agro Krushi Kendra (Unjha),Kishor Gajera,+91 98127 43679,dealer_1705@gmail.com,Mehsana,Unjha,GJ-NORTH-01,200000,Hindi,Active
DLR-REG-1706,Kisan Seva Krushi Kendra (Manavadar),Ramesh Verma,+91 98070 40958,dealer_1706@kisanagro.in,Junagadh,Manavadar,GJ-SAURASHTRA-02,350000,Hindi,Active
DLR-REG-1707,Krushi Vikas Krushi Kendra (Kadi),Ramesh Sharma,+91 99439 30204,dealer_1707@kisanagro.in,Mehsana,Kadi,GJ-NORTH-01,750000,English,Active
DLR-REG-1708,Shree Ram Krushi Kendra (Una),Bharat Savaliya,+91 97222 94182,dealer_1708@kisanagro.in,Junagadh,Una,GJ-SAURASHTRA-02,200000,Gujarati,Active
DLR-REG-1709,Green Earth Krushi Kendra (Una),Kishor Desai,+91 98950 79798,dealer_1709@gmail.com,Junagadh,Una,GJ-SAURASHTRA-02,750000,English,Active
DLR-REG-1710,Shree Ram Krushi Kendra (Khambhat),Haresh Shah,+91 97048 47852,dealer_1710@kisanagro.in,Anand,Khambhat,GJ-CENTRAL-02,750000,Gujarati,Active
DLR-REG-1711,Agro Care Krushi Kendra (Bardoli),Bharat Shah,+91 98768 90017,dealer_1711@agrosphere.ai,Surat,Bardoli,GJ-SOUTH-01,500000,Gujarati,Active
DLR-REG-1712,Agro Care Krushi Kendra (Savli),Haresh Donga,+91 98888 98511,dealer_1712@agrosphere.ai,Vadodara,Savli,GJ-CENTRAL-01,350000,Hindi,Active
DLR-REG-1713,Bharat Krushi Krushi Kendra (Visnagar),Ramesh Verma,+91 98283 81776,dealer_1713@gmail.com,Mehsana,Visnagar,GJ-NORTH-01,200000,Gujarati,Active
DLR-REG-1714,Agro Care Krushi Kendra (Dhoraji),Hasmukh Shah,+91 99807 68450,dealer_1714@kisanagro.in,Rajkot,Dhoraji,GJ-SAURASHTRA-01,350000,Gujarati,Active
DLR-REG-1715,Kisan Sahay Krushi Kendra (Karjan),Hasmukh Patel,+91 97232 87874,dealer_1715@agrosphere.ai,Vadodara,Karjan,GJ-CENTRAL-01,350000,Hindi,Active
DLR-REG-1716,Agro Care Krushi Kendra (Ankleshwar),Ramesh Sharma,+91 98539 96034,dealer_1716@agrosphere.ai,Bharuch,Ankleshwar,GJ-SOUTH-02,1000000,Gujarati,Active
DLR-REG-1717,Patel Agro Krushi Kendra (Jetpur),Dinesh Donga,+91 99705 19924,dealer_1717@agrosphere.ai,Rajkot,Jetpur,GJ-SAURASHTRA-01,750000,Gujarati,Active
DLR-REG-1718,Krushi Vikas Krushi Kendra (Vijapur),Ramesh Donga,+91 97303 46344,dealer_1718@gmail.com,Mehsana,Vijapur,GJ-NORTH-01,750000,English,Active
DLR-REG-1719,Patel Agro Krushi Kendra (Padra),Kishor Parmar,+91 97728 67747,dealer_1719@gmail.com,Vadodara,Padra,GJ-CENTRAL-01,750000,Gujarati,Active
DLR-REG-1720,Shree Ram Krushi Kendra (Mahuva),Dinesh Gohil,+91 97444 28857,dealer_1720@agrosphere.ai,Surat,Mahuva,GJ-SOUTH-01,750000,Gujarati,Active
DLR-REG-1721,Kisan Seva Krushi Kendra (Bardoli),Kishor Panchal,+91 97423 14569,dealer_1721@gmail.com,Surat,Bardoli,GJ-SOUTH-01,200000,Hindi,Active
DLR-REG-1722,Kisan Seva Krushi Kendra (Amod),Dinesh Patel,+91 97609 95572,dealer_1722@agrosphere.ai,Bharuch,Amod,GJ-SOUTH-02,200000,Gujarati,Active
DLR-REG-1723,Patel Agro Krushi Kendra (Hansot),Bharat Gajera,+91 98602 85319,dealer_1723@gmail.com,Bharuch,Hansot,GJ-SOUTH-02,1000000,English,Active
DLR-REG-1724,Green Earth Krushi Kendra (Umreth),Hasmukh Parmar,+91 99212 39602,dealer_1724@gmail.com,Anand,Umreth,GJ-CENTRAL-02,750000,English,Active
DLR-REG-1725,Krushi Vikas Krushi Kendra (Jasdan),Kishor Gohil,+91 98640 17234,dealer_1725@agrosphere.ai,Rajkot,Jasdan,GJ-SAURASHTRA-01,200000,Gujarati,Active
DLR-REG-1726,Agro Care Krushi Kendra (Olpad),Dinesh Parmar,+91 98187 94907,dealer_1726@gmail.com,Surat,Olpad,GJ-SOUTH-01,350000,Hindi,Active
DLR-REG-1727,Navjivan Krushi Kendra (Dhoraji),Haresh Donga,+91 97437 92656,dealer_1727@agrosphere.ai,Rajkot,Dhoraji,GJ-SAURASHTRA-01,500000,English,Active
DLR-REG-1728,Navjivan Krushi Kendra (Dhoraji),Pravin Gajera,+91 97790 13324,dealer_1728@agrosphere.ai,Rajkot,Dhoraji,GJ-SAURASHTRA-01,1000000,Gujarati,Active
DLR-REG-1729,Agro Care Krushi Kendra (Umreth),Kishor Zala,+91 99046 79984,dealer_1729@kisanagro.in,Anand,Umreth,GJ-CENTRAL-02,200000,Gujarati,Active
DLR-REG-1730,Krushi Vikas Krushi Kendra (Padra),Pravin Zala,+91 98660 25491,dealer_1730@gmail.com,Vadodara,Padra,GJ-CENTRAL-01,1000000,English,Active
DLR-REG-1731,Vrundavan Krushi Kendra (Jambusar),Hasmukh Savaliya,+91 97151 28558,dealer_1731@kisanagro.in,Bharuch,Jambusar,GJ-SOUTH-02,200000,English,Active
DLR-REG-1732,Navjivan Krushi Kendra (Bardoli),Ramesh Panchal,+91 97058 32577,dealer_1732@agrosphere.ai,Surat,Bardoli,GJ-SOUTH-01,200000,Gujarati,Active
DLR-REG-1733,Kisan Seva Krushi Kendra (Kadi),Ramesh Pandya,+91 99420 18383,dealer_1733@gmail.com,Mehsana,Kadi,GJ-NORTH-01,200000,English,Active
DLR-REG-1734,Agro Care Krushi Kendra (Mandvi),Mukesh Zala,+91 98745 54216,dealer_1734@agrosphere.ai,Surat,Mandvi,GJ-SOUTH-01,750000,Gujarati,Active
DLR-REG-1735,Krushi Vikas Krushi Kendra (Jetpur),Mukesh Parmar,+91 97186 87736,dealer_1735@gmail.com,Rajkot,Jetpur,GJ-SAURASHTRA-01,500000,Gujarati,Active
DLR-REG-1736,Shree Ram Krushi Kendra (Jasdan),Haresh Zala,+91 97688 58487,dealer_1736@agrosphere.ai,Rajkot,Jasdan,GJ-SAURASHTRA-01,350000,English,Active
DLR-REG-1737,Shree Ram Krushi Kendra (Keshod),Haresh Sharma,+91 97646 12048,dealer_1737@kisanagro.in,Junagadh,Keshod,GJ-SAURASHTRA-02,200000,Gujarati,Active
DLR-REG-1738,Agro Care Krushi Kendra (Jetpur),Kishor Panchal,+91 98704 72391,dealer_1738@agrosphere.ai,Rajkot,Jetpur,GJ-SAURASHTRA-01,350000,Gujarati,Active
DLR-REG-1739,Bharat Krushi Krushi Kendra (Visavadar),Haresh Desai,+91 97979 32878,dealer_1739@agrosphere.ai,Junagadh,Visavadar,GJ-SAURASHTRA-02,200000,Hindi,Active
DLR-REG-1740,Vrundavan Krushi Kendra (Una),Kishor Sharma,+91 98424 64891,dealer_1740@gmail.com,Junagadh,Una,GJ-SAURASHTRA-02,1000000,Gujarati,Active
DLR-REG-1741,Bharat Krushi Krushi Kendra (Keshod),Bharat Sharma,+91 99210 76524,dealer_1741@gmail.com,Junagadh,Keshod,GJ-SAURASHTRA-02,750000,Gujarati,Active
DLR-REG-1742,Navjivan Krushi Kendra (Padra),Ramesh Sharma,+91 99806 72182,dealer_1742@kisanagro.in,Vadodara,Padra,GJ-CENTRAL-01,350000,Gujarati,Active
DLR-REG-1743,Kisan Sahay Krushi Kendra (Ankleshwar),Bharat Gohil,+91 98167 37471,dealer_1743@kisanagro.in,Bharuch,Ankleshwar,GJ-SOUTH-02,500000,Gujarati,Active
DLR-REG-1744,Kisan Sahay Krushi Kendra (Mahuva),Pravin Sharma,+91 99201 33053,dealer_1744@gmail.com,Surat,Mahuva,GJ-SOUTH-01,200000,English,Active
DLR-REG-1745,Agro Care Krushi Kendra (Bardoli),Dinesh Savaliya,+91 99427 85990,dealer_1745@kisanagro.in,Surat,Bardoli,GJ-SOUTH-01,750000,Gujarati,Active
DLR-REG-1746,Navjivan Krushi Kendra (Amod),Hasmukh Zala,+91 98335 39855,dealer_1746@gmail.com,Bharuch,Amod,GJ-SOUTH-02,350000,English,Active
DLR-REG-1747,Green Earth Krushi Kendra (Visnagar),Hasmukh Savaliya,+91 98929 86689,dealer_1747@kisanagro.in,Mehsana,Visnagar,GJ-NORTH-01,200000,English,Active
DLR-REG-1748,Vrundavan Krushi Kendra (Manavadar),Ramesh Desai,+91 98586 58953,dealer_1748@gmail.com,Junagadh,Manavadar,GJ-SAURASHTRA-02,750000,Gujarati,Active
DLR-REG-1749,Patel Agro Krushi Kendra (Amod),Bharat Savaliya,+91 97521 14206,dealer_1749@agrosphere.ai,Bharuch,Amod,GJ-SOUTH-02,1000000,Gujarati,Active
DLR-REG-1750,Agro Care Krushi Kendra (Karjan),Dinesh Parmar,+91 98878 64817,dealer_1750@gmail.com,Vadodara,Karjan,GJ-CENTRAL-01,500000,Gujarati,Active
DLR-REG-1751,Shree Ram Krushi Kendra (Waghodia),Ramesh Zala,+91 99367 82450,dealer_1751@gmail.com,Vadodara,Waghodia,GJ-CENTRAL-01,200000,English,Active
DLR-REG-1752,Navjivan Krushi Kendra (Vijapur),Dinesh Pandya,+91 98895 46591,dealer_1752@gmail.com,Mehsana,Vijapur,GJ-NORTH-01,750000,Gujarati,Active
DLR-REG-1753,Green Earth Krushi Kendra (Visavadar),Mukesh Pandya,+91 99423 29525,dealer_1753@agrosphere.ai,Junagadh,Visavadar,GJ-SAURASHTRA-02,200000,English,Active
DLR-REG-1754,Kisan Seva Krushi Kendra (Gondal),Pravin Panchal,+91 98743 79615,dealer_1754@kisanagro.in,Rajkot,Gondal,GJ-SAURASHTRA-01,750000,Gujarati,Active
DLR-REG-1755,Navjivan Krushi Kendra (Umreth),Pravin Sharma,+91 99839 63296,dealer_1755@gmail.com,Anand,Umreth,GJ-CENTRAL-02,350000,Gujarati,Active
DLR-REG-1756,Agro Care Krushi Kendra (Karjan),Dinesh Patel,+91 99740 49955,dealer_1756@gmail.com,Vadodara,Karjan,GJ-CENTRAL-01,750000,Hindi,Active
DLR-REG-1757,Kisan Seva Krushi Kendra (Ankleshwar),Ramesh Desai,+91 99880 63131,dealer_1757@gmail.com,Bharuch,Ankleshwar,GJ-SOUTH-02,500000,English,Active
DLR-REG-1758,Agro Care Krushi Kendra (Ankleshwar),Bharat Chauhan,+91 99174 14287,dealer_1758@kisanagro.in,Bharuch,Ankleshwar,GJ-SOUTH-02,750000,Gujarati,Active
DLR-REG-1759,Agro Care Krushi Kendra (Jambusar),Bharat Pandya,+91 97224 77467,dealer_1759@agrosphere.ai,Bharuch,Jambusar,GJ-SOUTH-02,500000,Gujarati,Active
DLR-REG-1760,Krushi Vikas Krushi Kendra (Dhoraji),Pravin Desai,+91 98497 58029,dealer_1760@gmail.com,Rajkot,Dhoraji,GJ-SAURASHTRA-01,1000000,Gujarati,Active
DLR-REG-1761,Shree Ram Krushi Kendra (Mandvi),Mukesh Verma,+91 99210 24884,dealer_1761@agrosphere.ai,Surat,Mandvi,GJ-SOUTH-01,750000,Hindi,Active
DLR-REG-1762,Navjivan Krushi Kendra (Visnagar),Bharat Verma,+91 98095 76003,dealer_1762@agrosphere.ai,Mehsana,Visnagar,GJ-NORTH-01,750000,Gujarati,Active
DLR-REG-1763,Krushi Vikas Krushi Kendra (Gondal),Dinesh Verma,+91 98991 75726,dealer_1763@agrosphere.ai,Rajkot,Gondal,GJ-SAURASHTRA-01,200000,English,Active
DLR-REG-1764,Kisan Seva Krushi Kendra (Amod),Bharat Pandya,+91 99757 18601,dealer_1764@gmail.com,Bharuch,Amod,GJ-SOUTH-02,750000,Gujarati,Active
DLR-REG-1765,Shree Ram Krushi Kendra (Dhoraji),Hasmukh Donga,+91 97447 31596,dealer_1765@kisanagro.in,Rajkot,Dhoraji,GJ-SAURASHTRA-01,200000,Gujarati,Active
DLR-REG-1766,Navjivan Krushi Kendra (Borsad),Pravin Shah,+91 98200 64596,dealer_1766@agrosphere.ai,Anand,Borsad,GJ-CENTRAL-02,1000000,Gujarati,Active
DLR-REG-1767,Green Earth Krushi Kendra (Khambhat),Pravin Desai,+91 98194 34780,dealer_1767@gmail.com,Anand,Khambhat,GJ-CENTRAL-02,200000,Gujarati,Active
DLR-REG-1768,Green Earth Krushi Kendra (Unjha),Bharat Pandya,+91 99685 94679,dealer_1768@kisanagro.in,Mehsana,Unjha,GJ-NORTH-01,750000,Hindi,Active
DLR-REG-1769,Kisan Seva Krushi Kendra (Hansot),Ramesh Donga,+91 98255 32509,dealer_1769@kisanagro.in,Bharuch,Hansot,GJ-SOUTH-02,350000,English,Active
DLR-REG-1770,Kisan Sahay Krushi Kendra (Savli),Bharat Gajera,+91 98164 69759,dealer_1770@gmail.com,Vadodara,Savli,GJ-CENTRAL-01,1000000,Gujarati,Active
DLR-REG-1771,Shree Ram Krushi Kendra (Amod),Ramesh Gajera,+91 97660 41182,dealer_1771@gmail.com,Bharuch,Amod,GJ-SOUTH-02,200000,Gujarati,Active
DLR-REG-1772,Kisan Seva Krushi Kendra (Mandvi),Bharat Donga,+91 97755 36890,dealer_1772@agrosphere.ai,Surat,Mandvi,GJ-SOUTH-01,200000,Gujarati,Active
DLR-REG-1773,Krushi Vikas Krushi Kendra (Karjan),Ramesh Desai,+91 99185 49526,dealer_1773@gmail.com,Vadodara,Karjan,GJ-CENTRAL-01,200000,English,Active
DLR-REG-1774,Kisan Seva Krushi Kendra (Borsad),Ramesh Verma,+91 97017 81584,dealer_1774@agrosphere.ai,Anand,Borsad,GJ-CENTRAL-02,500000,Gujarati,Active
DLR-REG-1775,Vrundavan Krushi Kendra (Khambhat),Ramesh Gohil,+91 99315 67947,dealer_1775@kisanagro.in,Anand,Khambhat,GJ-CENTRAL-02,200000,English,Active
DLR-REG-1776,Bharat Krushi Krushi Kendra (Jetpur),Kishor Sharma,+91 97101 62642,dealer_1776@agrosphere.ai,Rajkot,Jetpur,GJ-SAURASHTRA-01,350000,English,Active
DLR-REG-1777,Krushi Vikas Krushi Kendra (Padra),Mukesh Patel,+91 99389 79000,dealer_1777@gmail.com,Vadodara,Padra,GJ-CENTRAL-01,500000,Gujarati,Active
DLR-REG-1778,Bharat Krushi Krushi Kendra (Gondal),Dinesh Parmar,+91 99773 98022,dealer_1778@gmail.com,Rajkot,Gondal,GJ-SAURASHTRA-01,1000000,English,Active
DLR-REG-1779,Krushi Vikas Krushi Kendra (Una),Pravin Pandya,+91 99731 57325,dealer_1779@kisanagro.in,Junagadh,Una,GJ-SAURASHTRA-02,350000,English,Active
DLR-REG-1780,Krushi Vikas Krushi Kendra (Dabhoi),Kishor Patel,+91 98412 56052,dealer_1780@kisanagro.in,Vadodara,Dabhoi,GJ-CENTRAL-01,750000,Hindi,Active
DLR-REG-1781,Kisan Seva Krushi Kendra (Jetpur),Haresh Panchal,+91 98812 47831,dealer_1781@gmail.com,Rajkot,Jetpur,GJ-SAURASHTRA-01,750000,English,Active
DLR-REG-1782,Shree Ram Krushi Kendra (Keshod),Kishor Savaliya,+91 98944 78852,dealer_1782@kisanagro.in,Junagadh,Keshod,GJ-SAURASHTRA-02,200000,Hindi,Active
DLR-REG-1783,Agro Care Krushi Kendra (Vijapur),Haresh Patel,+91 99616 45825,dealer_1783@kisanagro.in,Mehsana,Vijapur,GJ-NORTH-01,350000,Hindi,Active
DLR-REG-1784,Shree Ram Krushi Kendra (Tarapur),Ramesh Savaliya,+91 98563 47940,dealer_1784@agrosphere.ai,Anand,Tarapur,GJ-CENTRAL-02,750000,Gujarati,Active
DLR-REG-1785,Vrundavan Krushi Kendra (Unjha),Dinesh Donga,+91 99290 70745,dealer_1785@gmail.com,Mehsana,Unjha,GJ-NORTH-01,200000,Gujarati,Active
DLR-REG-1786,Patel Agro Krushi Kendra (Visavadar),Dinesh Gohil,+91 97508 95696,dealer_1786@agrosphere.ai,Junagadh,Visavadar,GJ-SAURASHTRA-02,500000,English,Active
DLR-REG-1787,Navjivan Krushi Kendra (Una),Hasmukh Patel,+91 98135 74625,dealer_1787@gmail.com,Junagadh,Una,GJ-SAURASHTRA-02,1000000,Gujarati,Active
DLR-REG-1788,Vrundavan Krushi Kendra (Mahuva),Kishor Chauhan,+91 99572 99903,dealer_1788@kisanagro.in,Surat,Mahuva,GJ-SOUTH-01,200000,Gujarati,Active
DLR-REG-1789,Patel Agro Krushi Kendra (Bardoli),Pravin Gajera,+91 97598 51901,dealer_1789@kisanagro.in,Surat,Bardoli,GJ-SOUTH-01,350000,Gujarati,Active
DLR-REG-1790,Patel Agro Krushi Kendra (Keshod),Haresh Verma,+91 99606 56659,dealer_1790@gmail.com,Junagadh,Keshod,GJ-SAURASHTRA-02,500000,Gujarati,Active
DLR-REG-1791,Bharat Krushi Krushi Kendra (Bardoli),Ramesh Savaliya,+91 97387 88480,dealer_1791@gmail.com,Surat,Bardoli,GJ-SOUTH-01,1000000,Gujarati,Active
DLR-REG-1792,Patel Agro Krushi Kendra (Unjha),Bharat Donga,+91 97392 80047,dealer_1792@agrosphere.ai,Mehsana,Unjha,GJ-NORTH-01,500000,Gujarati,Active
DLR-REG-1793,Bharat Krushi Krushi Kendra (Jetpur),Bharat Donga,+91 98986 64000,dealer_1793@kisanagro.in,Rajkot,Jetpur,GJ-SAURASHTRA-01,350000,Gujarati,Active
DLR-REG-1794,Bharat Krushi Krushi Kendra (Manavadar),Mukesh Savaliya,+91 99288 90403,dealer_1794@agrosphere.ai,Junagadh,Manavadar,GJ-SAURASHTRA-02,1000000,Hindi,Active
DLR-REG-1795,Green Earth Krushi Kendra (Ankleshwar),Hasmukh Desai,+91 97477 27200,dealer_1795@gmail.com,Bharuch,Ankleshwar,GJ-SOUTH-02,750000,Gujarati,Active
DLR-REG-1796,Shree Ram Krushi Kendra (Savli),Dinesh Parmar,+91 99447 78566,dealer_1796@kisanagro.in,Vadodara,Savli,GJ-CENTRAL-01,350000,Gujarati,Active
DLR-REG-1797,Navjivan Krushi Kendra (Gondal),Ramesh Gajera,+91 99818 39697,dealer_1797@kisanagro.in,Rajkot,Gondal,GJ-SAURASHTRA-01,350000,Gujarati,Active
DLR-REG-1798,Green Earth Krushi Kendra (Keshod),Hasmukh Panchal,+91 97318 12464,dealer_1798@kisanagro.in,Junagadh,Keshod,GJ-SAURASHTRA-02,750000,Gujarati,Active
DLR-REG-1799,Kisan Sahay Krushi Kendra (Keshod),Pravin Zala,+91 98921 25587,dealer_1799@kisanagro.in,Junagadh,Keshod,GJ-SAURASHTRA-02,200000,Gujarati,Active
DLR-REG-1800,Agro Care Krushi Kendra (Padra),Hasmukh Zala,+91 99464 36922,dealer_1800@agrosphere.ai,Vadodara,Padra,GJ-CENTRAL-01,350000,Gujarati,Active
DLR-REG-1801,Kisan Sahay Krushi Kendra (Amod),Ramesh Sharma,+91 98136 85989,dealer_1801@kisanagro.in,Bharuch,Amod,GJ-SOUTH-02,500000,Gujarati,Active
DLR-REG-1802,Bharat Krushi Krushi Kendra (Visnagar),Hasmukh Pandya,+91 97405 85777,dealer_1802@gmail.com,Mehsana,Visnagar,GJ-NORTH-01,1000000,Gujarati,Active
DLR-REG-1803,Patel Agro Krushi Kendra (Jambusar),Pravin Gajera,+91 99971 22934,dealer_1803@gmail.com,Bharuch,Jambusar,GJ-SOUTH-02,1000000,English,Active
DLR-REG-1804,Shree Ram Krushi Kendra (Waghodia),Hasmukh Desai,+91 97740 56507,dealer_1804@kisanagro.in,Vadodara,Waghodia,GJ-CENTRAL-01,750000,Gujarati,Active
DLR-REG-1805,Green Earth Krushi Kendra (Mandvi),Bharat Sharma,+91 97506 71066,dealer_1805@gmail.com,Surat,Mandvi,GJ-SOUTH-01,1000000,Gujarati,Active
DLR-REG-1806,Patel Agro Krushi Kendra (Khambhat),Pravin Shah,+91 97336 53006,dealer_1806@kisanagro.in,Anand,Khambhat,GJ-CENTRAL-02,200000,English,Active
DLR-REG-1807,Vrundavan Krushi Kendra (Dabhoi),Kishor Panchal,+91 99814 68190,dealer_1807@gmail.com,Vadodara,Dabhoi,GJ-CENTRAL-01,1000000,English,Active
DLR-REG-1808,Navjivan Krushi Kendra (Dabhoi),Hasmukh Parmar,+91 98948 99015,dealer_1808@kisanagro.in,Vadodara,Dabhoi,GJ-CENTRAL-01,350000,Gujarati,Active
DLR-REG-1809,Agro Care Krushi Kendra (Hansot),Dinesh Chauhan,+91 99140 96317,dealer_1809@agrosphere.ai,Bharuch,Hansot,GJ-SOUTH-02,200000,Gujarati,Active
DLR-REG-1810,Green Earth Krushi Kendra (Una),Hasmukh Panchal,+91 97691 18481,dealer_1810@kisanagro.in,Junagadh,Una,GJ-SAURASHTRA-02,350000,Gujarati,Active
DLR-REG-1811,Agro Care Krushi Kendra (Una),Haresh Savaliya,+91 99970 75419,dealer_1811@kisanagro.in,Junagadh,Una,GJ-SAURASHTRA-02,1000000,Hindi,Active
DLR-REG-1812,Krushi Vikas Krushi Kendra (Dabhoi),Haresh Desai,+91 98984 77032,dealer_1812@kisanagro.in,Vadodara,Dabhoi,GJ-CENTRAL-01,350000,English,Active
DLR-REG-1813,Patel Agro Krushi Kendra (Gondal),Dinesh Desai,+91 97945 92361,dealer_1813@gmail.com,Rajkot,Gondal,GJ-SAURASHTRA-01,200000,Gujarati,Active
DLR-REG-1814,Agro Care Krushi Kendra (Ankleshwar),Pravin Desai,+91 97733 60152,dealer_1814@agrosphere.ai,Bharuch,Ankleshwar,GJ-SOUTH-02,500000,Gujarati,Active
DLR-REG-1815,Vrundavan Krushi Kendra (Waghodia),Hasmukh Sharma,+91 99707 78150,dealer_1815@kisanagro.in,Vadodara,Waghodia,GJ-CENTRAL-01,750000,Gujarati,Active
DLR-REG-1816,Kisan Seva Krushi Kendra (Dabhoi),Kishor Shah,+91 99221 55038,dealer_1816@agrosphere.ai,Vadodara,Dabhoi,GJ-CENTRAL-01,1000000,Gujarati,Active
DLR-REG-1817,Green Earth Krushi Kendra (Kadi),Haresh Sharma,+91 98843 51229,dealer_1817@kisanagro.in,Mehsana,Kadi,GJ-NORTH-01,750000,English,Active
DLR-REG-1818,Shree Ram Krushi Kendra (Gondal),Kishor Shah,+91 99892 31514,dealer_1818@kisanagro.in,Rajkot,Gondal,GJ-SAURASHTRA-01,750000,Gujarati,Active
DLR-REG-1819,Kisan Seva Krushi Kendra (Dabhoi),Hasmukh Zala,+91 99330 98476,dealer_1819@kisanagro.in,Vadodara,Dabhoi,GJ-CENTRAL-01,1000000,Hindi,Active
DLR-REG-1820,Kisan Seva Krushi Kendra (Mahuva),Ramesh Shah,+91 99075 17305,dealer_1820@kisanagro.in,Surat,Mahuva,GJ-SOUTH-01,500000,English,Active
DLR-REG-1821,Vrundavan Krushi Kendra (Mahuva),Bharat Gohil,+91 98165 52006,dealer_1821@gmail.com,Surat,Mahuva,GJ-SOUTH-01,200000,Hindi,Active
DLR-REG-1822,Krushi Vikas Krushi Kendra (Jetpur),Pravin Verma,+91 99560 54729,dealer_1822@kisanagro.in,Rajkot,Jetpur,GJ-SAURASHTRA-01,200000,English,Active
DLR-REG-1823,Green Earth Krushi Kendra (Savli),Pravin Verma,+91 99708 42011,dealer_1823@gmail.com,Vadodara,Savli,GJ-CENTRAL-01,350000,Gujarati,Active
DLR-REG-1824,Agro Care Krushi Kendra (Bardoli),Kishor Parmar,+91 97468 54249,dealer_1824@gmail.com,Surat,Bardoli,GJ-SOUTH-01,200000,Hindi,Active
DLR-REG-1825,Kisan Seva Krushi Kendra (Padra),Haresh Gohil,+91 99326 77470,dealer_1825@kisanagro.in,Vadodara,Padra,GJ-CENTRAL-01,500000,Gujarati,Active
DLR-REG-1826,Vrundavan Krushi Kendra (Hansot),Bharat Patel,+91 98547 84757,dealer_1826@kisanagro.in,Bharuch,Hansot,GJ-SOUTH-02,500000,Hindi,Active
DLR-REG-1827,Agro Care Krushi Kendra (Dhoraji),Mukesh Panchal,+91 98376 75107,dealer_1827@agrosphere.ai,Rajkot,Dhoraji,GJ-SAURASHTRA-01,500000,Gujarati,Active
DLR-REG-1828,Krushi Vikas Krushi Kendra (Olpad),Mukesh Chauhan,+91 99035 93288,dealer_1828@gmail.com,Surat,Olpad,GJ-SOUTH-01,1000000,Gujarati,Active
DLR-REG-1829,Kisan Sahay Krushi Kendra (Savli),Haresh Donga,+91 97925 91863,dealer_1829@agrosphere.ai,Vadodara,Savli,GJ-CENTRAL-01,200000,Hindi,Active
DLR-REG-1830,Patel Agro Krushi Kendra (Jasdan),Dinesh Sharma,+91 98749 37490,dealer_1830@kisanagro.in,Rajkot,Jasdan,GJ-SAURASHTRA-01,200000,Gujarati,Active
DLR-REG-1831,Green Earth Krushi Kendra (Olpad),Bharat Gohil,+91 97819 64304,dealer_1831@kisanagro.in,Surat,Olpad,GJ-SOUTH-01,500000,Hindi,Active
DLR-REG-1832,Bharat Krushi Krushi Kendra (Mahuva),Pravin Gajera,+91 99571 77662,dealer_1832@gmail.com,Surat,Mahuva,GJ-SOUTH-01,1000000,English,Active
DLR-REG-1833,Patel Agro Krushi Kendra (Una),Haresh Gohil,+91 99318 92150,dealer_1833@gmail.com,Junagadh,Una,GJ-SAURASHTRA-02,1000000,Gujarati,Active
DLR-REG-1834,Shree Ram Krushi Kendra (Dabhoi),Ramesh Savaliya,+91 99807 49357,dealer_1834@kisanagro.in,Vadodara,Dabhoi,GJ-CENTRAL-01,750000,Gujarati,Active
DLR-REG-1835,Navjivan Krushi Kendra (Kadi),Haresh Parmar,+91 98093 47623,dealer_1835@agrosphere.ai,Mehsana,Kadi,GJ-NORTH-01,350000,Gujarati,Active
DLR-REG-1836,Green Earth Krushi Kendra (Jambusar),Hasmukh Savaliya,+91 97614 35154,dealer_1836@gmail.com,Bharuch,Jambusar,GJ-SOUTH-02,350000,Gujarati,Active
DLR-REG-1837,Bharat Krushi Krushi Kendra (Umreth),Haresh Chauhan,+91 99649 14850,dealer_1837@gmail.com,Anand,Umreth,GJ-CENTRAL-02,350000,Gujarati,Active
DLR-REG-1838,Patel Agro Krushi Kendra (Keshod),Kishor Zala,+91 99697 82182,dealer_1838@gmail.com,Junagadh,Keshod,GJ-SAURASHTRA-02,200000,English,Active
DLR-REG-1839,Kisan Sahay Krushi Kendra (Kadi),Hasmukh Parmar,+91 98285 88852,dealer_1839@kisanagro.in,Mehsana,Kadi,GJ-NORTH-01,200000,English,Active
DLR-REG-1840,Green Earth Krushi Kendra (Padra),Ramesh Parmar,+91 97966 24671,dealer_1840@agrosphere.ai,Vadodara,Padra,GJ-CENTRAL-01,1000000,Gujarati,Active
DLR-REG-1841,Kisan Seva Krushi Kendra (Olpad),Mukesh Sharma,+91 99456 26027,dealer_1841@kisanagro.in,Surat,Olpad,GJ-SOUTH-01,500000,Hindi,Active
DLR-REG-1842,Navjivan Krushi Kendra (Hansot),Mukesh Chauhan,+91 97590 24000,dealer_1842@gmail.com,Bharuch,Hansot,GJ-SOUTH-02,350000,Gujarati,Active
DLR-REG-1843,Patel Agro Krushi Kendra (Umreth),Pravin Parmar,+91 99008 79922,dealer_1843@kisanagro.in,Anand,Umreth,GJ-CENTRAL-02,200000,Gujarati,Active
DLR-REG-1844,Kisan Seva Krushi Kendra (Mahuva),Mukesh Gohil,+91 98137 28993,dealer_1844@kisanagro.in,Surat,Mahuva,GJ-SOUTH-01,750000,Gujarati,Active
DLR-REG-1845,Kisan Sahay Krushi Kendra (Unjha),Pravin Gohil,+91 99712 17166,dealer_1845@agrosphere.ai,Mehsana,Unjha,GJ-NORTH-01,350000,Gujarati,Active
DLR-REG-1846,Patel Agro Krushi Kendra (Mahuva),Bharat Gohil,+91 99806 25997,dealer_1846@agrosphere.ai,Surat,Mahuva,GJ-SOUTH-01,350000,English,Active
DLR-REG-1847,Green Earth Krushi Kendra (Petlad),Kishor Donga,+91 97369 40862,dealer_1847@kisanagro.in,Anand,Petlad,GJ-CENTRAL-02,350000,Gujarati,Active
DLR-REG-1848,Green Earth Krushi Kendra (Khambhat),Pravin Zala,+91 98122 20498,dealer_1848@kisanagro.in,Anand,Khambhat,GJ-CENTRAL-02,750000,English,Active
DLR-REG-1849,Green Earth Krushi Kendra (Unjha),Hasmukh Parmar,+91 97656 44205,dealer_1849@agrosphere.ai,Mehsana,Unjha,GJ-NORTH-01,200000,Gujarati,Active
DLR-REG-1850,Bharat Krushi Krushi Kendra (Tarapur),Bharat Panchal,+91 98856 13584,dealer_1850@gmail.com,Anand,Tarapur,GJ-CENTRAL-02,350000,English,Active
DLR-REG-1851,Kisan Sahay Krushi Kendra (Visnagar),Mukesh Chauhan,+91 99573 50048,dealer_1851@kisanagro.in,Mehsana,Visnagar,GJ-NORTH-01,1000000,Gujarati,Active
DLR-REG-1852,Navjivan Krushi Kendra (Jetpur),Ramesh Shah,+91 99433 99883,dealer_1852@kisanagro.in,Rajkot,Jetpur,GJ-SAURASHTRA-01,500000,English,Active
DLR-REG-1853,Patel Agro Krushi Kendra (Borsad),Bharat Gajera,+91 98154 36039,dealer_1853@gmail.com,Anand,Borsad,GJ-CENTRAL-02,750000,Gujarati,Active
DLR-REG-1854,Green Earth Krushi Kendra (Una),Mukesh Parmar,+91 97084 13010,dealer_1854@agrosphere.ai,Junagadh,Una,GJ-SAURASHTRA-02,1000000,Gujarati,Active
DLR-REG-1855,Navjivan Krushi Kendra (Dhoraji),Ramesh Donga,+91 97203 62564,dealer_1855@agrosphere.ai,Rajkot,Dhoraji,GJ-SAURASHTRA-01,750000,Hindi,Active
DLR-REG-1856,Agro Care Krushi Kendra (Karjan),Ramesh Verma,+91 99323 25381,dealer_1856@gmail.com,Vadodara,Karjan,GJ-CENTRAL-01,1000000,English,Active
DLR-REG-1857,Kisan Seva Krushi Kendra (Vijapur),Mukesh Sharma,+91 99922 36626,dealer_1857@gmail.com,Mehsana,Vijapur,GJ-NORTH-01,500000,Gujarati,Active
DLR-REG-1858,Green Earth Krushi Kendra (Hansot),Haresh Gajera,+91 97846 88654,dealer_1858@gmail.com,Bharuch,Hansot,GJ-SOUTH-02,500000,Gujarati,Active
DLR-REG-1859,Green Earth Krushi Kendra (Borsad),Ramesh Zala,+91 97117 48036,dealer_1859@kisanagro.in,Anand,Borsad,GJ-CENTRAL-02,350000,Hindi,Active
DLR-REG-1860,Krushi Vikas Krushi Kendra (Borsad),Dinesh Pandya,+91 97351 11352,dealer_1860@kisanagro.in,Anand,Borsad,GJ-CENTRAL-02,350000,Gujarati,Active
DLR-REG-1861,Navjivan Krushi Kendra (Hansot),Haresh Panchal,+91 99901 65481,dealer_1861@agrosphere.ai,Bharuch,Hansot,GJ-SOUTH-02,1000000,Gujarati,Active
DLR-REG-1862,Bharat Krushi Krushi Kendra (Gondal),Pravin Patel,+91 98363 40781,dealer_1862@kisanagro.in,Rajkot,Gondal,GJ-SAURASHTRA-01,500000,Hindi,Active
DLR-REG-1863,Kisan Sahay Krushi Kendra (Ankleshwar),Haresh Donga,+91 98239 61733,dealer_1863@agrosphere.ai,Bharuch,Ankleshwar,GJ-SOUTH-02,500000,Gujarati,Active
DLR-REG-1864,Vrundavan Krushi Kendra (Bardoli),Kishor Gajera,+91 97695 76027,dealer_1864@kisanagro.in,Surat,Bardoli,GJ-SOUTH-01,500000,English,Active
DLR-REG-1865,Krushi Vikas Krushi Kendra (Keshod),Haresh Panchal,+91 97580 44131,dealer_1865@gmail.com,Junagadh,Keshod,GJ-SAURASHTRA-02,500000,Gujarati,Active
DLR-REG-1866,Patel Agro Krushi Kendra (Una),Bharat Panchal,+91 98761 47083,dealer_1866@kisanagro.in,Junagadh,Una,GJ-SAURASHTRA-02,1000000,Gujarati,Active
DLR-REG-1867,Green Earth Krushi Kendra (Olpad),Bharat Gajera,+91 99012 29826,dealer_1867@agrosphere.ai,Surat,Olpad,GJ-SOUTH-01,750000,Gujarati,Active
DLR-REG-1868,Kisan Sahay Krushi Kendra (Manavadar),Ramesh Savaliya,+91 97146 71636,dealer_1868@kisanagro.in,Junagadh,Manavadar,GJ-SAURASHTRA-02,350000,English,Active
DLR-REG-1869,Kisan Seva Krushi Kendra (Petlad),Dinesh Patel,+91 98460 83512,dealer_1869@kisanagro.in,Anand,Petlad,GJ-CENTRAL-02,750000,English,Active
DLR-REG-1870,Agro Care Krushi Kendra (Jetpur),Hasmukh Verma,+91 97834 47239,dealer_1870@gmail.com,Rajkot,Jetpur,GJ-SAURASHTRA-01,350000,Hindi,Active
DLR-REG-1871,Vrundavan Krushi Kendra (Unjha),Mukesh Gohil,+91 99390 10540,dealer_1871@agrosphere.ai,Mehsana,Unjha,GJ-NORTH-01,1000000,Gujarati,Active
DLR-REG-1872,Navjivan Krushi Kendra (Petlad),Dinesh Zala,+91 99772 22360,dealer_1872@kisanagro.in,Anand,Petlad,GJ-CENTRAL-02,200000,Gujarati,Active
DLR-REG-1873,Green Earth Krushi Kendra (Ankleshwar),Hasmukh Verma,+91 98325 30155,dealer_1873@gmail.com,Bharuch,Ankleshwar,GJ-SOUTH-02,200000,English,Active
DLR-REG-1874,Kisan Seva Krushi Kendra (Vijapur),Kishor Gohil,+91 99433 96246,dealer_1874@gmail.com,Mehsana,Vijapur,GJ-NORTH-01,500000,Gujarati,Active
DLR-REG-1875,Krushi Vikas Krushi Kendra (Hansot),Ramesh Panchal,+91 97865 16380,dealer_1875@agrosphere.ai,Bharuch,Hansot,GJ-SOUTH-02,500000,Gujarati,Active
DLR-REG-1876,Agro Care Krushi Kendra (Kadi),Haresh Shah,+91 97379 62279,dealer_1876@kisanagro.in,Mehsana,Kadi,GJ-NORTH-01,350000,Gujarati,Active
DLR-REG-1877,Agro Care Krushi Kendra (Vijapur),Mukesh Patel,+91 97667 60921,dealer_1877@kisanagro.in,Mehsana,Vijapur,GJ-NORTH-01,500000,Gujarati,Active
DLR-REG-1878,Kisan Seva Krushi Kendra (Jasdan),Haresh Zala,+91 98270 99779,dealer_1878@agrosphere.ai,Rajkot,Jasdan,GJ-SAURASHTRA-01,350000,Gujarati,Active
DLR-REG-1879,Krushi Vikas Krushi Kendra (Ankleshwar),Mukesh Shah,+91 99005 68385,dealer_1879@kisanagro.in,Bharuch,Ankleshwar,GJ-SOUTH-02,750000,Gujarati,Active
DLR-REG-1880,Agro Care Krushi Kendra (Mahuva),Haresh Zala,+91 98508 90460,dealer_1880@gmail.com,Surat,Mahuva,GJ-SOUTH-01,750000,English,Active
DLR-REG-1881,Bharat Krushi Krushi Kendra (Gondal),Dinesh Verma,+91 99770 39390,dealer_1881@agrosphere.ai,Rajkot,Gondal,GJ-SAURASHTRA-01,350000,English,Active
DLR-REG-1882,Patel Agro Krushi Kendra (Bardoli),Haresh Desai,+91 97324 72601,dealer_1882@kisanagro.in,Surat,Bardoli,GJ-SOUTH-01,350000,Gujarati,Active
DLR-REG-1883,Navjivan Krushi Kendra (Amod),Haresh Shah,+91 98210 84519,dealer_1883@gmail.com,Bharuch,Amod,GJ-SOUTH-02,1000000,Gujarati,Active
DLR-REG-1884,Bharat Krushi Krushi Kendra (Gondal),Haresh Chauhan,+91 97387 70903,dealer_1884@agrosphere.ai,Rajkot,Gondal,GJ-SAURASHTRA-01,1000000,Gujarati,Active
DLR-REG-1885,Vrundavan Krushi Kendra (Savli),Pravin Sharma,+91 97466 96714,dealer_1885@kisanagro.in,Vadodara,Savli,GJ-CENTRAL-01,350000,Gujarati,Active
DLR-REG-1886,Kisan Sahay Krushi Kendra (Vijapur),Haresh Sharma,+91 99885 49013,dealer_1886@kisanagro.in,Mehsana,Vijapur,GJ-NORTH-01,1000000,English,Active
DLR-REG-1887,Vrundavan Krushi Kendra (Vijapur),Kishor Zala,+91 98398 34535,dealer_1887@gmail.com,Mehsana,Vijapur,GJ-NORTH-01,350000,Gujarati,Active
DLR-REG-1888,Agro Care Krushi Kendra (Amod),Pravin Chauhan,+91 97023 61764,dealer_1888@gmail.com,Bharuch,Amod,GJ-SOUTH-02,200000,Gujarati,Active
DLR-REG-1889,Kisan Seva Krushi Kendra (Hansot),Haresh Panchal,+91 99694 88890,dealer_1889@agrosphere.ai,Bharuch,Hansot,GJ-SOUTH-02,750000,Gujarati,Active
DLR-REG-1890,Green Earth Krushi Kendra (Olpad),Kishor Zala,+91 97358 26395,dealer_1890@gmail.com,Surat,Olpad,GJ-SOUTH-01,200000,Gujarati,Active
DLR-REG-1891,Navjivan Krushi Kendra (Gondal),Pravin Parmar,+91 97857 73060,dealer_1891@agrosphere.ai,Rajkot,Gondal,GJ-SAURASHTRA-01,350000,Gujarati,Active
DLR-REG-1892,Navjivan Krushi Kendra (Tarapur),Kishor Sharma,+91 98898 29420,dealer_1892@kisanagro.in,Anand,Tarapur,GJ-CENTRAL-02,750000,Gujarati,Active
DLR-REG-1893,Shree Ram Krushi Kendra (Jetpur),Dinesh Panchal,+91 98986 71799,dealer_1893@gmail.com,Rajkot,Jetpur,GJ-SAURASHTRA-01,750000,Hindi,Active
DLR-REG-1894,Patel Agro Krushi Kendra (Manavadar),Haresh Pandya,+91 97208 53758,dealer_1894@gmail.com,Junagadh,Manavadar,GJ-SAURASHTRA-02,200000,English,Active
DLR-REG-1895,Vrundavan Krushi Kendra (Umreth),Kishor Pandya,+91 97151 73897,dealer_1895@kisanagro.in,Anand,Umreth,GJ-CENTRAL-02,750000,Hindi,Active
DLR-REG-1896,Navjivan Krushi Kendra (Mahuva),Pravin Panchal,+91 99163 12492,dealer_1896@kisanagro.in,Surat,Mahuva,GJ-SOUTH-01,1000000,Gujarati,Active
DLR-REG-1897,Patel Agro Krushi Kendra (Bardoli),Haresh Gohil,+91 98938 25327,dealer_1897@kisanagro.in,Surat,Bardoli,GJ-SOUTH-01,1000000,Gujarati,Active
DLR-REG-1898,Kisan Sahay Krushi Kendra (Umreth),Kishor Gajera,+91 99974 35192,dealer_1898@kisanagro.in,Anand,Umreth,GJ-CENTRAL-02,500000,English,Active
DLR-REG-1899,Vrundavan Krushi Kendra (Manavadar),Bharat Gohil,+91 99466 96108,dealer_1899@kisanagro.in,Junagadh,Manavadar,GJ-SAURASHTRA-02,350000,Gujarati,Active
DLR-REG-1900,Green Earth Krushi Kendra (Hansot),Bharat Parmar,+91 98934 31237,dealer_1900@agrosphere.ai,Bharuch,Hansot,GJ-SOUTH-02,350000,Gujarati,Active
DLR-REG-1901,Kisan Seva Krushi Kendra (Ankleshwar),Ramesh Gajera,+91 97817 30488,dealer_1901@agrosphere.ai,Bharuch,Ankleshwar,GJ-SOUTH-02,750000,Gujarati,Active
DLR-REG-1902,Kisan Seva Krushi Kendra (Vijapur),Mukesh Donga,+91 97857 82984,dealer_1902@gmail.com,Mehsana,Vijapur,GJ-NORTH-01,200000,Gujarati,Active
DLR-REG-1903,Shree Ram Krushi Kendra (Savli),Pravin Gajera,+91 97260 54267,dealer_1903@kisanagro.in,Vadodara,Savli,GJ-CENTRAL-01,200000,Hindi,Active
DLR-REG-1904,Bharat Krushi Krushi Kendra (Keshod),Dinesh Savaliya,+91 98056 54606,dealer_1904@kisanagro.in,Junagadh,Keshod,GJ-SAURASHTRA-02,200000,Hindi,Active
DLR-REG-1905,Bharat Krushi Krushi Kendra (Karjan),Hasmukh Pandya,+91 99893 16608,dealer_1905@kisanagro.in,Vadodara,Karjan,GJ-CENTRAL-01,750000,Gujarati,Active
DLR-REG-1906,Bharat Krushi Krushi Kendra (Gondal),Hasmukh Patel,+91 97684 92565,dealer_1906@gmail.com,Rajkot,Gondal,GJ-SAURASHTRA-01,350000,Gujarati,Active
DLR-REG-1907,Kisan Seva Krushi Kendra (Visavadar),Dinesh Zala,+91 97406 30223,dealer_1907@agrosphere.ai,Junagadh,Visavadar,GJ-SAURASHTRA-02,500000,Gujarati,Active
DLR-REG-1908,Agro Care Krushi Kendra (Visnagar),Mukesh Parmar,+91 98798 64493,dealer_1908@gmail.com,Mehsana,Visnagar,GJ-NORTH-01,350000,English,Active
DLR-REG-1909,Bharat Krushi Krushi Kendra (Savli),Hasmukh Gajera,+91 98089 58815,dealer_1909@agrosphere.ai,Vadodara,Savli,GJ-CENTRAL-01,750000,Gujarati,Active
DLR-REG-1910,Shree Ram Krushi Kendra (Jambusar),Haresh Zala,+91 97934 28087,dealer_1910@kisanagro.in,Bharuch,Jambusar,GJ-SOUTH-02,750000,English,Active
DLR-REG-1911,Krushi Vikas Krushi Kendra (Tarapur),Dinesh Patel,+91 97596 11303,dealer_1911@agrosphere.ai,Anand,Tarapur,GJ-CENTRAL-02,1000000,Gujarati,Active
DLR-REG-1912,Krushi Vikas Krushi Kendra (Jasdan),Ramesh Chauhan,+91 98777 18056,dealer_1912@kisanagro.in,Rajkot,Jasdan,GJ-SAURASHTRA-01,200000,Gujarati,Active
DLR-REG-1913,Bharat Krushi Krushi Kendra (Bardoli),Haresh Donga,+91 98646 99243,dealer_1913@agrosphere.ai,Surat,Bardoli,GJ-SOUTH-01,1000000,Gujarati,Active
DLR-REG-1914,Krushi Vikas Krushi Kendra (Amod),Kishor Patel,+91 99161 90006,dealer_1914@gmail.com,Bharuch,Amod,GJ-SOUTH-02,750000,English,Active
DLR-REG-1915,Bharat Krushi Krushi Kendra (Jambusar),Dinesh Pandya,+91 99856 55252,dealer_1915@agrosphere.ai,Bharuch,Jambusar,GJ-SOUTH-02,750000,Gujarati,Active
DLR-REG-1916,Kisan Sahay Krushi Kendra (Padra),Bharat Shah,+91 98597 26515,dealer_1916@agrosphere.ai,Vadodara,Padra,GJ-CENTRAL-01,1000000,Gujarati,Active
DLR-REG-1917,Bharat Krushi Krushi Kendra (Keshod),Kishor Shah,+91 99135 54657,dealer_1917@agrosphere.ai,Junagadh,Keshod,GJ-SAURASHTRA-02,350000,Gujarati,Active
DLR-REG-1918,Navjivan Krushi Kendra (Jasdan),Kishor Parmar,+91 99975 65410,dealer_1918@agrosphere.ai,Rajkot,Jasdan,GJ-SAURASHTRA-01,200000,Gujarati,Active
DLR-REG-1919,Patel Agro Krushi Kendra (Unjha),Bharat Gohil,+91 97507 16256,dealer_1919@agrosphere.ai,Mehsana,Unjha,GJ-NORTH-01,200000,English,Active
DLR-REG-1920,Kisan Sahay Krushi Kendra (Waghodia),Bharat Desai,+91 97967 86230,dealer_1920@agrosphere.ai,Vadodara,Waghodia,GJ-CENTRAL-01,1000000,Hindi,Active
DLR-REG-1921,Patel Agro Krushi Kendra (Visavadar),Ramesh Donga,+91 99925 59501,dealer_1921@agrosphere.ai,Junagadh,Visavadar,GJ-SAURASHTRA-02,350000,Gujarati,Active
DLR-REG-1922,Vrundavan Krushi Kendra (Waghodia),Bharat Savaliya,+91 98860 22843,dealer_1922@gmail.com,Vadodara,Waghodia,GJ-CENTRAL-01,750000,English,Active
DLR-REG-1923,Kisan Sahay Krushi Kendra (Gondal),Ramesh Chauhan,+91 98950 38152,dealer_1923@kisanagro.in,Rajkot,Gondal,GJ-SAURASHTRA-01,200000,Gujarati,Active
DLR-REG-1924,Vrundavan Krushi Kendra (Hansot),Haresh Shah,+91 98080 86585,dealer_1924@kisanagro.in,Bharuch,Hansot,GJ-SOUTH-02,750000,English,Active
DLR-REG-1925,Green Earth Krushi Kendra (Hansot),Ramesh Parmar,+91 97591 76294,dealer_1925@gmail.com,Bharuch,Hansot,GJ-SOUTH-02,750000,English,Active
DLR-REG-1926,Navjivan Krushi Kendra (Keshod),Dinesh Desai,+91 97133 30557,dealer_1926@agrosphere.ai,Junagadh,Keshod,GJ-SAURASHTRA-02,500000,Gujarati,Active
DLR-REG-1927,Agro Care Krushi Kendra (Mahuva),Bharat Sharma,+91 99341 47957,dealer_1927@gmail.com,Surat,Mahuva,GJ-SOUTH-01,1000000,Gujarati,Active
DLR-REG-1928,Patel Agro Krushi Kendra (Jasdan),Kishor Verma,+91 98204 73691,dealer_1928@gmail.com,Rajkot,Jasdan,GJ-SAURASHTRA-01,350000,Gujarati,Active
DLR-REG-1929,Kisan Sahay Krushi Kendra (Vijapur),Kishor Donga,+91 97883 33996,dealer_1929@agrosphere.ai,Mehsana,Vijapur,GJ-NORTH-01,750000,Gujarati,Active
DLR-REG-1930,Agro Care Krushi Kendra (Jasdan),Pravin Parmar,+91 98710 73068,dealer_1930@agrosphere.ai,Rajkot,Jasdan,GJ-SAURASHTRA-01,500000,Hindi,Active
DLR-REG-1931,Green Earth Krushi Kendra (Khambhat),Ramesh Desai,+91 97567 76160,dealer_1931@agrosphere.ai,Anand,Khambhat,GJ-CENTRAL-02,750000,English,Active
DLR-REG-1932,Shree Ram Krushi Kendra (Hansot),Bharat Parmar,+91 97365 91889,dealer_1932@agrosphere.ai,Bharuch,Hansot,GJ-SOUTH-02,1000000,English,Active
DLR-REG-1933,Green Earth Krushi Kendra (Borsad),Pravin Verma,+91 99746 68077,dealer_1933@agrosphere.ai,Anand,Borsad,GJ-CENTRAL-02,500000,Gujarati,Active
DLR-REG-1934,Kisan Sahay Krushi Kendra (Visnagar),Kishor Pandya,+91 99298 94562,dealer_1934@gmail.com,Mehsana,Visnagar,GJ-NORTH-01,1000000,Gujarati,Active
DLR-REG-1935,Vrundavan Krushi Kendra (Keshod),Mukesh Shah,+91 98949 75881,dealer_1935@gmail.com,Junagadh,Keshod,GJ-SAURASHTRA-02,200000,Hindi,Active
DLR-REG-1936,Patel Agro Krushi Kendra (Keshod),Mukesh Zala,+91 98004 85963,dealer_1936@kisanagro.in,Junagadh,Keshod,GJ-SAURASHTRA-02,200000,Hindi,Active
DLR-REG-1937,Green Earth Krushi Kendra (Olpad),Pravin Pandya,+91 99013 13049,dealer_1937@kisanagro.in,Surat,Olpad,GJ-SOUTH-01,750000,Gujarati,Active
DLR-REG-1938,Bharat Krushi Krushi Kendra (Petlad),Haresh Verma,+91 98053 21930,dealer_1938@gmail.com,Anand,Petlad,GJ-CENTRAL-02,200000,Hindi,Active
DLR-REG-1939,Shree Ram Krushi Kendra (Visavadar),Kishor Gajera,+91 97367 30214,dealer_1939@kisanagro.in,Junagadh,Visavadar,GJ-SAURASHTRA-02,750000,Gujarati,Active
DLR-REG-1940,Shree Ram Krushi Kendra (Jasdan),Pravin Patel,+91 98220 61110,dealer_1940@gmail.com,Rajkot,Jasdan,GJ-SAURASHTRA-01,500000,Gujarati,Active
DLR-REG-1941,Patel Agro Krushi Kendra (Khambhat),Hasmukh Chauhan,+91 97212 36549,dealer_1941@gmail.com,Anand,Khambhat,GJ-CENTRAL-02,1000000,Hindi,Active
DLR-REG-1942,Bharat Krushi Krushi Kendra (Una),Haresh Zala,+91 97471 45296,dealer_1942@gmail.com,Junagadh,Una,GJ-SAURASHTRA-02,500000,English,Active
DLR-REG-1943,Agro Care Krushi Kendra (Mahuva),Pravin Desai,+91 98669 93039,dealer_1943@gmail.com,Surat,Mahuva,GJ-SOUTH-01,200000,Gujarati,Active
DLR-REG-1944,Navjivan Krushi Kendra (Bardoli),Ramesh Zala,+91 98247 84481,dealer_1944@kisanagro.in,Surat,Bardoli,GJ-SOUTH-01,750000,Gujarati,Active
DLR-REG-1945,Shree Ram Krushi Kendra (Visnagar),Ramesh Verma,+91 98004 80455,dealer_1945@kisanagro.in,Mehsana,Visnagar,GJ-NORTH-01,1000000,English,Active
DLR-REG-1946,Kisan Seva Krushi Kendra (Gondal),Kishor Parmar,+91 99674 31939,dealer_1946@gmail.com,Rajkot,Gondal,GJ-SAURASHTRA-01,200000,English,Active
DLR-REG-1947,Patel Agro Krushi Kendra (Waghodia),Haresh Parmar,+91 98439 92864,dealer_1947@gmail.com,Vadodara,Waghodia,GJ-CENTRAL-01,1000000,Hindi,Active
DLR-REG-1948,Shree Ram Krushi Kendra (Padra),Hasmukh Panchal,+91 98231 21759,dealer_1948@kisanagro.in,Vadodara,Padra,GJ-CENTRAL-01,200000,Gujarati,Active
DLR-REG-1949,Green Earth Krushi Kendra (Amod),Bharat Savaliya,+91 99793 54909,dealer_1949@agrosphere.ai,Bharuch,Amod,GJ-SOUTH-02,500000,English,Active
DLR-REG-1950,Krushi Vikas Krushi Kendra (Karjan),Mukesh Verma,+91 98883 88579,dealer_1950@kisanagro.in,Vadodara,Karjan,GJ-CENTRAL-01,200000,Gujarati,Active
DLR-REG-1951,Vrundavan Krushi Kendra (Ankleshwar),Pravin Desai,+91 97039 98172,dealer_1951@gmail.com,Bharuch,Ankleshwar,GJ-SOUTH-02,750000,Hindi,Active
DLR-REG-1952,Green Earth Krushi Kendra (Hansot),Hasmukh Shah,+91 99658 95362,dealer_1952@gmail.com,Bharuch,Hansot,GJ-SOUTH-02,1000000,Gujarati,Active
DLR-REG-1953,Agro Care Krushi Kendra (Vijapur),Haresh Verma,+91 99462 56919,dealer_1953@kisanagro.in,Mehsana,Vijapur,GJ-NORTH-01,350000,Gujarati,Active
DLR-REG-1954,Krushi Vikas Krushi Kendra (Dhoraji),Dinesh Savaliya,+91 97038 39035,dealer_1954@agrosphere.ai,Rajkot,Dhoraji,GJ-SAURASHTRA-01,200000,Gujarati,Active
DLR-REG-1955,Navjivan Krushi Kendra (Amod),Kishor Sharma,+91 99940 38986,dealer_1955@gmail.com,Bharuch,Amod,GJ-SOUTH-02,750000,Gujarati,Active
DLR-REG-1956,Kisan Seva Krushi Kendra (Jasdan),Mukesh Panchal,+91 97029 35701,dealer_1956@agrosphere.ai,Rajkot,Jasdan,GJ-SAURASHTRA-01,750000,Gujarati,Active
DLR-REG-1957,Vrundavan Krushi Kendra (Unjha),Dinesh Shah,+91 97698 82323,dealer_1957@gmail.com,Mehsana,Unjha,GJ-NORTH-01,1000000,Hindi,Active
DLR-REG-1958,Agro Care Krushi Kendra (Mandvi),Ramesh Pandya,+91 97266 26702,dealer_1958@kisanagro.in,Surat,Mandvi,GJ-SOUTH-01,1000000,Gujarati,Active
DLR-REG-1959,Navjivan Krushi Kendra (Olpad),Pravin Parmar,+91 99838 98832,dealer_1959@agrosphere.ai,Surat,Olpad,GJ-SOUTH-01,1000000,Gujarati,Active
DLR-REG-1960,Kisan Sahay Krushi Kendra (Hansot),Pravin Chauhan,+91 98323 66694,dealer_1960@kisanagro.in,Bharuch,Hansot,GJ-SOUTH-02,500000,Gujarati,Active
DLR-REG-1961,Kisan Seva Krushi Kendra (Hansot),Pravin Verma,+91 99954 39431,dealer_1961@gmail.com,Bharuch,Hansot,GJ-SOUTH-02,500000,English,Active
DLR-REG-1962,Krushi Vikas Krushi Kendra (Mahuva),Haresh Patel,+91 97797 53870,dealer_1962@gmail.com,Surat,Mahuva,GJ-SOUTH-01,1000000,Gujarati,Active
DLR-REG-1963,Green Earth Krushi Kendra (Jambusar),Mukesh Sharma,+91 97806 31558,dealer_1963@kisanagro.in,Bharuch,Jambusar,GJ-SOUTH-02,500000,Gujarati,Active
DLR-REG-1964,Kisan Sahay Krushi Kendra (Ankleshwar),Haresh Desai,+91 97098 87664,dealer_1964@agrosphere.ai,Bharuch,Ankleshwar,GJ-SOUTH-02,500000,Gujarati,Active
DLR-REG-1965,Kisan Seva Krushi Kendra (Keshod),Bharat Savaliya,+91 97222 53724,dealer_1965@agrosphere.ai,Junagadh,Keshod,GJ-SAURASHTRA-02,350000,Gujarati,Active
DLR-REG-1966,Agro Care Krushi Kendra (Vijapur),Dinesh Gohil,+91 99371 26361,dealer_1966@gmail.com,Mehsana,Vijapur,GJ-NORTH-01,200000,Gujarati,Active
DLR-REG-1967,Agro Care Krushi Kendra (Khambhat),Ramesh Zala,+91 97253 67923,dealer_1967@gmail.com,Anand,Khambhat,GJ-CENTRAL-02,500000,Hindi,Active
DLR-REG-1968,Agro Care Krushi Kendra (Hansot),Pravin Sharma,+91 99290 16842,dealer_1968@kisanagro.in,Bharuch,Hansot,GJ-SOUTH-02,750000,English,Active
DLR-REG-1969,Navjivan Krushi Kendra (Dhoraji),Pravin Parmar,+91 98857 60321,dealer_1969@kisanagro.in,Rajkot,Dhoraji,GJ-SAURASHTRA-01,750000,Hindi,Active
DLR-REG-1970,Krushi Vikas Krushi Kendra (Bardoli),Pravin Gohil,+91 98859 77792,dealer_1970@kisanagro.in,Surat,Bardoli,GJ-SOUTH-01,1000000,Gujarati,Active
DLR-REG-1971,Kisan Sahay Krushi Kendra (Gondal),Hasmukh Pandya,+91 99428 35377,dealer_1971@agrosphere.ai,Rajkot,Gondal,GJ-SAURASHTRA-01,350000,Hindi,Active
DLR-REG-1972,Green Earth Krushi Kendra (Savli),Dinesh Desai,+91 97761 41870,dealer_1972@gmail.com,Vadodara,Savli,GJ-CENTRAL-01,200000,Gujarati,Active
DLR-REG-1973,Vrundavan Krushi Kendra (Visavadar),Bharat Chauhan,+91 98274 86502,dealer_1973@agrosphere.ai,Junagadh,Visavadar,GJ-SAURASHTRA-02,350000,Gujarati,Active
DLR-REG-1974,Vrundavan Krushi Kendra (Khambhat),Kishor Verma,+91 98510 11059,dealer_1974@agrosphere.ai,Anand,Khambhat,GJ-CENTRAL-02,1000000,Gujarati,Active
DLR-REG-1975,Bharat Krushi Krushi Kendra (Jetpur),Pravin Parmar,+91 98728 55064,dealer_1975@gmail.com,Rajkot,Jetpur,GJ-SAURASHTRA-01,350000,Gujarati,Active
DLR-REG-1976,Krushi Vikas Krushi Kendra (Kadi),Dinesh Savaliya,+91 99845 71263,dealer_1976@agrosphere.ai,Mehsana,Kadi,GJ-NORTH-01,500000,Hindi,Active
DLR-REG-1977,Vrundavan Krushi Kendra (Olpad),Haresh Donga,+91 98346 31270,dealer_1977@gmail.com,Surat,Olpad,GJ-SOUTH-01,750000,Gujarati,Active
DLR-REG-1978,Kisan Sahay Krushi Kendra (Borsad),Mukesh Gohil,+91 99839 40182,dealer_1978@kisanagro.in,Anand,Borsad,GJ-CENTRAL-02,1000000,Gujarati,Active
DLR-REG-1979,Krushi Vikas Krushi Kendra (Una),Haresh Zala,+91 97840 62469,dealer_1979@gmail.com,Junagadh,Una,GJ-SAURASHTRA-02,200000,Gujarati,Active
DLR-REG-1980,Krushi Vikas Krushi Kendra (Gondal),Hasmukh Patel,+91 97583 48086,dealer_1980@kisanagro.in,Rajkot,Gondal,GJ-SAURASHTRA-01,350000,Hindi,Active
DLR-REG-1981,Kisan Sahay Krushi Kendra (Unjha),Mukesh Patel,+91 97810 47237,dealer_1981@gmail.com,Mehsana,Unjha,GJ-NORTH-01,350000,Gujarati,Active
DLR-REG-1982,Krushi Vikas Krushi Kendra (Jambusar),Mukesh Parmar,+91 97731 35688,dealer_1982@gmail.com,Bharuch,Jambusar,GJ-SOUTH-02,350000,Gujarati,Active
DLR-REG-1983,Shree Ram Krushi Kendra (Gondal),Hasmukh Chauhan,+91 98386 37556,dealer_1983@kisanagro.in,Rajkot,Gondal,GJ-SAURASHTRA-01,750000,Gujarati,Active
DLR-REG-1984,Shree Ram Krushi Kendra (Savli),Haresh Shah,+91 99912 18569,dealer_1984@gmail.com,Vadodara,Savli,GJ-CENTRAL-01,350000,Gujarati,Active
DLR-REG-1985,Navjivan Krushi Kendra (Visnagar),Haresh Shah,+91 99844 59054,dealer_1985@kisanagro.in,Mehsana,Visnagar,GJ-NORTH-01,1000000,English,Active
DLR-REG-1986,Kisan Sahay Krushi Kendra (Jambusar),Mukesh Zala,+91 99193 48559,dealer_1986@gmail.com,Bharuch,Jambusar,GJ-SOUTH-02,500000,Gujarati,Active
DLR-REG-1987,Shree Ram Krushi Kendra (Jasdan),Dinesh Parmar,+91 97857 20670,dealer_1987@kisanagro.in,Rajkot,Jasdan,GJ-SAURASHTRA-01,1000000,Gujarati,Active
DLR-REG-1988,Bharat Krushi Krushi Kendra (Una),Dinesh Verma,+91 99125 70852,dealer_1988@gmail.com,Junagadh,Una,GJ-SAURASHTRA-02,500000,Gujarati,Active
DLR-REG-1989,Kisan Seva Krushi Kendra (Mahuva),Kishor Desai,+91 99380 62552,dealer_1989@agrosphere.ai,Surat,Mahuva,GJ-SOUTH-01,1000000,Gujarati,Active
DLR-REG-1990,Navjivan Krushi Kendra (Manavadar),Mukesh Desai,+91 98621 38651,dealer_1990@kisanagro.in,Junagadh,Manavadar,GJ-SAURASHTRA-02,750000,English,Active
DLR-REG-1991,Krushi Vikas Krushi Kendra (Mandvi),Hasmukh Donga,+91 97550 21013,dealer_1991@kisanagro.in,Surat,Mandvi,GJ-SOUTH-01,750000,Hindi,Active
DLR-REG-1992,Vrundavan Krushi Kendra (Karjan),Dinesh Patel,+91 99098 91412,dealer_1992@kisanagro.in,Vadodara,Karjan,GJ-CENTRAL-01,750000,English,Active
DLR-REG-1993,Green Earth Krushi Kendra (Umreth),Dinesh Verma,+91 98298 45785,dealer_1993@kisanagro.in,Anand,Umreth,GJ-CENTRAL-02,200000,Gujarati,Active
DLR-REG-1994,Patel Agro Krushi Kendra (Borsad),Hasmukh Gohil,+91 98470 20802,dealer_1994@kisanagro.in,Anand,Borsad,GJ-CENTRAL-02,1000000,Hindi,Active
DLR-REG-1995,Patel Agro Krushi Kendra (Bardoli),Hasmukh Savaliya,+91 97485 19351,dealer_1995@kisanagro.in,Surat,Bardoli,GJ-SOUTH-01,200000,Hindi,Active
DLR-REG-1996,Navjivan Krushi Kendra (Visavadar),Bharat Gohil,+91 98024 49677,dealer_1996@agrosphere.ai,Junagadh,Visavadar,GJ-SAURASHTRA-02,500000,Gujarati,Active
DLR-REG-1997,Bharat Krushi Krushi Kendra (Jambusar),Pravin Donga,+91 98226 46942,dealer_1997@kisanagro.in,Bharuch,Jambusar,GJ-SOUTH-02,750000,English,Active
DLR-REG-1998,Kisan Seva Krushi Kendra (Kadi),Ramesh Gohil,+91 98628 39829,dealer_1998@gmail.com,Mehsana,Kadi,GJ-NORTH-01,350000,English,Active
DLR-REG-1999,Kisan Seva Krushi Kendra (Una),Hasmukh Verma,+91 98282 34621,dealer_1999@kisanagro.in,Junagadh,Una,GJ-SAURASHTRA-02,750000,Gujarati,Active
DLR-REG-2000,Bharat Krushi Krushi Kendra (Umreth),Bharat Patel,+91 97569 85695,dealer_2000@gmail.com,Anand,Umreth,GJ-CENTRAL-02,500000,Gujarati,Active
DLR-REG-2001,Krushi Vikas Krushi Kendra (Khambhat),Haresh Savaliya,+91 98743 99884,dealer_2001@kisanagro.in,Anand,Khambhat,GJ-CENTRAL-02,1000000,Gujarati,Active
DLR-REG-2002,Kisan Sahay Krushi Kendra (Waghodia),Pravin Pandya,+91 97569 30144,dealer_2002@kisanagro.in,Vadodara,Waghodia,GJ-CENTRAL-01,1000000,Hindi,Active
DLR-REG-2003,Green Earth Krushi Kendra (Mahuva),Haresh Savaliya,+91 97260 80056,dealer_2003@kisanagro.in,Surat,Mahuva,GJ-SOUTH-01,350000,English,Active
DLR-REG-2004,Vrundavan Krushi Kendra (Jasdan),Kishor Desai,+91 97381 32468,dealer_2004@gmail.com,Rajkot,Jasdan,GJ-SAURASHTRA-01,1000000,Gujarati,Active
DLR-REG-2005,Kisan Sahay Krushi Kendra (Dhoraji),Mukesh Gajera,+91 97284 60579,dealer_2005@kisanagro.in,Rajkot,Dhoraji,GJ-SAURASHTRA-01,350000,Gujarati,Active
DLR-REG-2006,Agro Care Krushi Kendra (Waghodia),Pravin Desai,+91 98509 77964,dealer_2006@gmail.com,Vadodara,Waghodia,GJ-CENTRAL-01,350000,Gujarati,Active
DLR-REG-2007,Green Earth Krushi Kendra (Vijapur),Hasmukh Gajera,+91 97528 80313,dealer_2007@kisanagro.in,Mehsana,Vijapur,GJ-NORTH-01,750000,Gujarati,Active
DLR-REG-2008,Shree Ram Krushi Kendra (Borsad),Mukesh Parmar,+91 98268 66649,dealer_2008@agrosphere.ai,Anand,Borsad,GJ-CENTRAL-02,750000,Gujarati,Active
DLR-REG-2009,Vrundavan Krushi Kendra (Olpad),Dinesh Savaliya,+91 98128 36437,dealer_2009@gmail.com,Surat,Olpad,GJ-SOUTH-01,350000,English,Active
DLR-REG-2010,Vrundavan Krushi Kendra (Dhoraji),Mukesh Zala,+91 99153 53108,dealer_2010@agrosphere.ai,Rajkot,Dhoraji,GJ-SAURASHTRA-01,750000,English,Active
DLR-REG-2011,Kisan Sahay Krushi Kendra (Tarapur),Hasmukh Panchal,+91 98179 94711,dealer_2011@kisanagro.in,Anand,Tarapur,GJ-CENTRAL-02,500000,Gujarati,Active
DLR-REG-2012,Shree Ram Krushi Kendra (Tarapur),Mukesh Chauhan,+91 97735 90967,dealer_2012@agrosphere.ai,Anand,Tarapur,GJ-CENTRAL-02,750000,English,Active
DLR-REG-2013,Vrundavan Krushi Kendra (Borsad),Haresh Sharma,+91 99861 15723,dealer_2013@gmail.com,Anand,Borsad,GJ-CENTRAL-02,350000,Gujarati,Active
DLR-REG-2014,Agro Care Krushi Kendra (Amod),Mukesh Panchal,+91 99021 63907,dealer_2014@agrosphere.ai,Bharuch,Amod,GJ-SOUTH-02,200000,Gujarati,Active
DLR-REG-2015,Bharat Krushi Krushi Kendra (Gondal),Bharat Zala,+91 98679 69105,dealer_2015@gmail.com,Rajkot,Gondal,GJ-SAURASHTRA-01,500000,Gujarati,Active
DLR-REG-2016,Kisan Seva Krushi Kendra (Bardoli),Hasmukh Patel,+91 99616 98555,dealer_2016@agrosphere.ai,Surat,Bardoli,GJ-SOUTH-01,750000,English,Active
DLR-REG-2017,Navjivan Krushi Kendra (Dabhoi),Pravin Chauhan,+91 97043 42847,dealer_2017@gmail.com,Vadodara,Dabhoi,GJ-CENTRAL-01,350000,Gujarati,Active
DLR-REG-2018,Kisan Seva Krushi Kendra (Hansot),Hasmukh Desai,+91 97338 81883,dealer_2018@agrosphere.ai,Bharuch,Hansot,GJ-SOUTH-02,350000,English,Active
DLR-REG-2019,Patel Agro Krushi Kendra (Una),Ramesh Parmar,+91 97698 12367,dealer_2019@agrosphere.ai,Junagadh,Una,GJ-SAURASHTRA-02,200000,Gujarati,Active
DLR-REG-2020,Bharat Krushi Krushi Kendra (Padra),Haresh Panchal,+91 97689 20169,dealer_2020@agrosphere.ai,Vadodara,Padra,GJ-CENTRAL-01,200000,Gujarati,Active
DLR-REG-2021,Krushi Vikas Krushi Kendra (Una),Mukesh Gajera,+91 99926 14514,dealer_2021@agrosphere.ai,Junagadh,Una,GJ-SAURASHTRA-02,1000000,Gujarati,Active
DLR-REG-2022,Bharat Krushi Krushi Kendra (Petlad),Hasmukh Gohil,+91 98599 50412,dealer_2022@kisanagro.in,Anand,Petlad,GJ-CENTRAL-02,200000,Hindi,Active
DLR-REG-2023,Green Earth Krushi Kendra (Gondal),Mukesh Zala,+91 98022 59105,dealer_2023@gmail.com,Rajkot,Gondal,GJ-SAURASHTRA-01,350000,Gujarati,Active
DLR-REG-2024,Kisan Sahay Krushi Kendra (Dhoraji),Bharat Patel,+91 97787 99123,dealer_2024@agrosphere.ai,Rajkot,Dhoraji,GJ-SAURASHTRA-01,200000,Gujarati,Active
DLR-REG-2025,Shree Ram Krushi Kendra (Jetpur),Haresh Patel,+91 99099 24114,dealer_2025@kisanagro.in,Rajkot,Jetpur,GJ-SAURASHTRA-01,500000,Hindi,Active
DLR-REG-2026,Vrundavan Krushi Kendra (Jambusar),Haresh Savaliya,+91 98752 25834,dealer_2026@gmail.com,Bharuch,Jambusar,GJ-SOUTH-02,350000,Gujarati,Active
DLR-REG-2027,Shree Ram Krushi Kendra (Savli),Haresh Patel,+91 99678 51450,dealer_2027@gmail.com,Vadodara,Savli,GJ-CENTRAL-01,750000,Gujarati,Active
DLR-REG-2028,Agro Care Krushi Kendra (Borsad),Kishor Gohil,+91 99662 91777,dealer_2028@kisanagro.in,Anand,Borsad,GJ-CENTRAL-02,200000,Gujarati,Active
DLR-REG-2029,Patel Agro Krushi Kendra (Una),Dinesh Zala,+91 97417 80278,dealer_2029@agrosphere.ai,Junagadh,Una,GJ-SAURASHTRA-02,350000,Gujarati,Active
DLR-REG-2030,Green Earth Krushi Kendra (Jasdan),Ramesh Gohil,+91 98360 32980,dealer_2030@agrosphere.ai,Rajkot,Jasdan,GJ-SAURASHTRA-01,500000,English,Active
DLR-REG-2031,Kisan Sahay Krushi Kendra (Jasdan),Dinesh Pandya,+91 98566 76981,dealer_2031@agrosphere.ai,Rajkot,Jasdan,GJ-SAURASHTRA-01,350000,Hindi,Active
DLR-REG-2032,Navjivan Krushi Kendra (Bardoli),Hasmukh Patel,+91 98265 40984,dealer_2032@agrosphere.ai,Surat,Bardoli,GJ-SOUTH-01,750000,Gujarati,Active
DLR-REG-2033,Kisan Sahay Krushi Kendra (Bardoli),Bharat Gajera,+91 99042 48877,dealer_2033@gmail.com,Surat,Bardoli,GJ-SOUTH-01,350000,English,Active
DLR-REG-2034,Navjivan Krushi Kendra (Keshod),Dinesh Panchal,+91 98346 27598,dealer_2034@kisanagro.in,Junagadh,Keshod,GJ-SAURASHTRA-02,500000,Gujarati,Active
DLR-REG-2035,Patel Agro Krushi Kendra (Mahuva),Pravin Zala,+91 97938 53420,dealer_2035@kisanagro.in,Surat,Mahuva,GJ-SOUTH-01,350000,Gujarati,Active
DLR-REG-2036,Navjivan Krushi Kendra (Bardoli),Mukesh Zala,+91 99490 60002,dealer_2036@agrosphere.ai,Surat,Bardoli,GJ-SOUTH-01,500000,Gujarati,Active
DLR-REG-2037,Agro Care Krushi Kendra (Petlad),Dinesh Parmar,+91 97286 35226,dealer_2037@gmail.com,Anand,Petlad,GJ-CENTRAL-02,350000,Gujarati,Active
DLR-REG-2038,Shree Ram Krushi Kendra (Keshod),Mukesh Pandya,+91 97967 76509,dealer_2038@gmail.com,Junagadh,Keshod,GJ-SAURASHTRA-02,750000,English,Active
DLR-REG-2039,Navjivan Krushi Kendra (Karjan),Haresh Savaliya,+91 97722 89410,dealer_2039@gmail.com,Vadodara,Karjan,GJ-CENTRAL-01,500000,Gujarati,Active
DLR-REG-2040,Navjivan Krushi Kendra (Mahuva),Dinesh Donga,+91 97327 57131,dealer_2040@kisanagro.in,Surat,Mahuva,GJ-SOUTH-01,750000,Gujarati,Active
DLR-REG-2041,Green Earth Krushi Kendra (Umreth),Haresh Shah,+91 97638 73176,dealer_2041@gmail.com,Anand,Umreth,GJ-CENTRAL-02,750000,English,Active
DLR-REG-2042,Patel Agro Krushi Kendra (Kadi),Ramesh Pandya,+91 99264 33029,dealer_2042@kisanagro.in,Mehsana,Kadi,GJ-NORTH-01,750000,English,Active
DLR-REG-2043,Patel Agro Krushi Kendra (Dabhoi),Dinesh Chauhan,+91 97294 53677,dealer_2043@gmail.com,Vadodara,Dabhoi,GJ-CENTRAL-01,750000,Gujarati,Active
DLR-REG-2044,Kisan Sahay Krushi Kendra (Manavadar),Bharat Patel,+91 99012 63025,dealer_2044@kisanagro.in,Junagadh,Manavadar,GJ-SAURASHTRA-02,750000,Gujarati,Active
DLR-REG-2045,Patel Agro Krushi Kendra (Umreth),Hasmukh Gohil,+91 98674 15089,dealer_2045@gmail.com,Anand,Umreth,GJ-CENTRAL-02,750000,Hindi,Active
DLR-REG-2046,Green Earth Krushi Kendra (Manavadar),Bharat Donga,+91 99087 74044,dealer_2046@agrosphere.ai,Junagadh,Manavadar,GJ-SAURASHTRA-02,500000,Gujarati,Active
DLR-REG-2047,Green Earth Krushi Kendra (Hansot),Mukesh Panchal,+91 97992 72616,dealer_2047@gmail.com,Bharuch,Hansot,GJ-SOUTH-02,500000,Gujarati,Active
DLR-REG-2048,Patel Agro Krushi Kendra (Jambusar),Dinesh Pandya,+91 99789 29315,dealer_2048@kisanagro.in,Bharuch,Jambusar,GJ-SOUTH-02,350000,Hindi,Active
DLR-REG-2049,Kisan Sahay Krushi Kendra (Mandvi),Hasmukh Sharma,+91 99639 60377,dealer_2049@kisanagro.in,Surat,Mandvi,GJ-SOUTH-01,1000000,Gujarati,Active
DLR-REG-2050,Green Earth Krushi Kendra (Mandvi),Haresh Gajera,+91 98035 49612,dealer_2050@agrosphere.ai,Surat,Mandvi,GJ-SOUTH-01,1000000,English,Active
DLR-REG-2051,Green Earth Krushi Kendra (Olpad),Hasmukh Zala,+91 97447 93385,dealer_2051@agrosphere.ai,Surat,Olpad,GJ-SOUTH-01,500000,Gujarati,Active
DLR-REG-2052,Green Earth Krushi Kendra (Karjan),Kishor Panchal,+91 97026 32072,dealer_2052@kisanagro.in,Vadodara,Karjan,GJ-CENTRAL-01,200000,Gujarati,Active
DLR-REG-2053,Bharat Krushi Krushi Kendra (Dhoraji),Kishor Chauhan,+91 98765 32365,dealer_2053@gmail.com,Rajkot,Dhoraji,GJ-SAURASHTRA-01,500000,Gujarati,Active
DLR-REG-2054,Navjivan Krushi Kendra (Jambusar),Ramesh Desai,+91 99058 24449,dealer_2054@kisanagro.in,Bharuch,Jambusar,GJ-SOUTH-02,1000000,Gujarati,Active
DLR-REG-2055,Kisan Sahay Krushi Kendra (Manavadar),Ramesh Panchal,+91 97785 43993,dealer_2055@kisanagro.in,Junagadh,Manavadar,GJ-SAURASHTRA-02,750000,Hindi,Active
DLR-REG-2056,Agro Care Krushi Kendra (Jetpur),Hasmukh Donga,+91 98547 26342,dealer_2056@kisanagro.in,Rajkot,Jetpur,GJ-SAURASHTRA-01,200000,Gujarati,Active
DLR-REG-2057,Kisan Seva Krushi Kendra (Jetpur),Hasmukh Desai,+91 97038 18002,dealer_2057@kisanagro.in,Rajkot,Jetpur,GJ-SAURASHTRA-01,200000,Hindi,Active
DLR-REG-2058,Agro Care Krushi Kendra (Kadi),Pravin Savaliya,+91 98538 89034,dealer_2058@agrosphere.ai,Mehsana,Kadi,GJ-NORTH-01,500000,English,Active
DLR-REG-2059,Vrundavan Krushi Kendra (Khambhat),Bharat Chauhan,+91 98518 99372,dealer_2059@kisanagro.in,Anand,Khambhat,GJ-CENTRAL-02,500000,Gujarati,Active
DLR-REG-2060,Green Earth Krushi Kendra (Dabhoi),Pravin Pandya,+91 98458 53287,dealer_2060@gmail.com,Vadodara,Dabhoi,GJ-CENTRAL-01,200000,English,Active
DLR-REG-2061,Shree Ram Krushi Kendra (Vijapur),Hasmukh Patel,+91 99173 46630,dealer_2061@agrosphere.ai,Mehsana,Vijapur,GJ-NORTH-01,350000,Gujarati,Active
DLR-REG-2062,Kisan Seva Krushi Kendra (Tarapur),Haresh Shah,+91 99704 34633,dealer_2062@gmail.com,Anand,Tarapur,GJ-CENTRAL-02,500000,Gujarati,Active
DLR-REG-2063,Kisan Sahay Krushi Kendra (Amod),Bharat Zala,+91 99776 68236,dealer_2063@gmail.com,Bharuch,Amod,GJ-SOUTH-02,1000000,English,Active
DLR-REG-2064,Agro Care Krushi Kendra (Tarapur),Haresh Verma,+91 98950 96289,dealer_2064@agrosphere.ai,Anand,Tarapur,GJ-CENTRAL-02,200000,English,Active
DLR-REG-2065,Navjivan Krushi Kendra (Waghodia),Ramesh Panchal,+91 99130 84959,dealer_2065@agrosphere.ai,Vadodara,Waghodia,GJ-CENTRAL-01,1000000,Gujarati,Active
DLR-REG-2066,Agro Care Krushi Kendra (Una),Dinesh Donga,+91 97688 68495,dealer_2066@gmail.com,Junagadh,Una,GJ-SAURASHTRA-02,750000,Hindi,Active
DLR-REG-2067,Navjivan Krushi Kendra (Manavadar),Hasmukh Gajera,+91 97432 67002,dealer_2067@agrosphere.ai,Junagadh,Manavadar,GJ-SAURASHTRA-02,200000,Gujarati,Active
DLR-REG-2068,Patel Agro Krushi Kendra (Dabhoi),Kishor Savaliya,+91 99727 72429,dealer_2068@agrosphere.ai,Vadodara,Dabhoi,GJ-CENTRAL-01,200000,Gujarati,Active
DLR-REG-2069,Agro Care Krushi Kendra (Mahuva),Bharat Zala,+91 97916 85493,dealer_2069@agrosphere.ai,Surat,Mahuva,GJ-SOUTH-01,200000,Gujarati,Active
DLR-REG-2070,Bharat Krushi Krushi Kendra (Umreth),Haresh Parmar,+91 97955 39301,dealer_2070@kisanagro.in,Anand,Umreth,GJ-CENTRAL-02,200000,Gujarati,Active
DLR-REG-2071,Agro Care Krushi Kendra (Gondal),Mukesh Verma,+91 97475 85083,dealer_2071@kisanagro.in,Rajkot,Gondal,GJ-SAURASHTRA-01,350000,Gujarati,Active
DLR-REG-2072,Kisan Sahay Krushi Kendra (Tarapur),Pravin Donga,+91 99416 80202,dealer_2072@gmail.com,Anand,Tarapur,GJ-CENTRAL-02,750000,English,Active
DLR-REG-2073,Shree Ram Krushi Kendra (Savli),Mukesh Shah,+91 97436 61814,dealer_2073@gmail.com,Vadodara,Savli,GJ-CENTRAL-01,1000000,English,Active
DLR-REG-2074,Patel Agro Krushi Kendra (Karjan),Mukesh Parmar,+91 99047 99126,dealer_2074@kisanagro.in,Vadodara,Karjan,GJ-CENTRAL-01,350000,Hindi,Active
DLR-REG-2075,Kisan Sahay Krushi Kendra (Karjan),Bharat Pandya,+91 98265 75847,dealer_2075@agrosphere.ai,Vadodara,Karjan,GJ-CENTRAL-01,200000,Gujarati,Active
DLR-REG-2076,Navjivan Krushi Kendra (Vijapur),Kishor Desai,+91 99884 59375,dealer_2076@gmail.com,Mehsana,Vijapur,GJ-NORTH-01,500000,Gujarati,Active
DLR-REG-2077,Navjivan Krushi Kendra (Visnagar),Pravin Panchal,+91 97733 73898,dealer_2077@agrosphere.ai,Mehsana,Visnagar,GJ-NORTH-01,750000,Gujarati,Active
DLR-REG-2078,Kisan Sahay Krushi Kendra (Visnagar),Haresh Shah,+91 98382 65369,dealer_2078@agrosphere.ai,Mehsana,Visnagar,GJ-NORTH-01,750000,Gujarati,Active
DLR-REG-2079,Green Earth Krushi Kendra (Vijapur),Kishor Sharma,+91 98156 35571,dealer_2079@agrosphere.ai,Mehsana,Vijapur,GJ-NORTH-01,1000000,English,Active
DLR-REG-2080,Krushi Vikas Krushi Kendra (Jetpur),Pravin Zala,+91 99906 49855,dealer_2080@kisanagro.in,Rajkot,Jetpur,GJ-SAURASHTRA-01,350000,Hindi,Active
DLR-REG-2081,Kisan Seva Krushi Kendra (Una),Ramesh Donga,+91 97859 38591,dealer_2081@agrosphere.ai,Junagadh,Una,GJ-SAURASHTRA-02,350000,Gujarati,Active
DLR-REG-2082,Agro Care Krushi Kendra (Waghodia),Ramesh Gohil,+91 98542 65982,dealer_2082@agrosphere.ai,Vadodara,Waghodia,GJ-CENTRAL-01,350000,Gujarati,Active
DLR-REG-2083,Kisan Seva Krushi Kendra (Jasdan),Pravin Gajera,+91 97480 77559,dealer_2083@agrosphere.ai,Rajkot,Jasdan,GJ-SAURASHTRA-01,500000,Hindi,Active
DLR-REG-2084,Green Earth Krushi Kendra (Borsad),Pravin Savaliya,+91 97486 41569,dealer_2084@kisanagro.in,Anand,Borsad,GJ-CENTRAL-02,750000,Gujarati,Active
DLR-REG-2085,Green Earth Krushi Kendra (Jambusar),Hasmukh Zala,+91 98899 95237,dealer_2085@kisanagro.in,Bharuch,Jambusar,GJ-SOUTH-02,500000,English,Active
DLR-REG-2086,Agro Care Krushi Kendra (Padra),Hasmukh Sharma,+91 97499 74122,dealer_2086@agrosphere.ai,Vadodara,Padra,GJ-CENTRAL-01,1000000,Gujarati,Active
DLR-REG-2087,Patel Agro Krushi Kendra (Dhoraji),Hasmukh Panchal,+91 99428 33736,dealer_2087@kisanagro.in,Rajkot,Dhoraji,GJ-SAURASHTRA-01,750000,English,Active
DLR-REG-2088,Shree Ram Krushi Kendra (Waghodia),Bharat Sharma,+91 97260 80452,dealer_2088@gmail.com,Vadodara,Waghodia,GJ-CENTRAL-01,750000,Gujarati,Active
DLR-REG-2089,Bharat Krushi Krushi Kendra (Tarapur),Dinesh Zala,+91 97261 78013,dealer_2089@agrosphere.ai,Anand,Tarapur,GJ-CENTRAL-02,1000000,Gujarati,Active
DLR-REG-2090,Agro Care Krushi Kendra (Visnagar),Ramesh Gajera,+91 97021 82708,dealer_2090@kisanagro.in,Mehsana,Visnagar,GJ-NORTH-01,500000,Gujarati,Active
DLR-REG-2091,Vrundavan Krushi Kendra (Jetpur),Ramesh Savaliya,+91 97359 83727,dealer_2091@kisanagro.in,Rajkot,Jetpur,GJ-SAURASHTRA-01,200000,Gujarati,Active
DLR-REG-2092,Krushi Vikas Krushi Kendra (Jasdan),Ramesh Shah,+91 98732 96266,dealer_2092@gmail.com,Rajkot,Jasdan,GJ-SAURASHTRA-01,350000,Gujarati,Active
DLR-REG-2093,Bharat Krushi Krushi Kendra (Jasdan),Ramesh Desai,+91 99363 74283,dealer_2093@agrosphere.ai,Rajkot,Jasdan,GJ-SAURASHTRA-01,500000,Hindi,Active
DLR-REG-2094,Bharat Krushi Krushi Kendra (Waghodia),Mukesh Shah,+91 99817 22977,dealer_2094@agrosphere.ai,Vadodara,Waghodia,GJ-CENTRAL-01,200000,Gujarati,Active
DLR-REG-2095,Shree Ram Krushi Kendra (Jetpur),Mukesh Donga,+91 97549 88924,dealer_2095@agrosphere.ai,Rajkot,Jetpur,GJ-SAURASHTRA-01,350000,Hindi,Active
DLR-REG-2096,Shree Ram Krushi Kendra (Savli),Haresh Panchal,+91 97304 82069,dealer_2096@kisanagro.in,Vadodara,Savli,GJ-CENTRAL-01,500000,English,Active
DLR-REG-2097,Green Earth Krushi Kendra (Jambusar),Hasmukh Desai,+91 98041 98673,dealer_2097@kisanagro.in,Bharuch,Jambusar,GJ-SOUTH-02,350000,Hindi,Active
DLR-REG-2098,Patel Agro Krushi Kendra (Keshod),Mukesh Gohil,+91 99926 58777,dealer_2098@agrosphere.ai,Junagadh,Keshod,GJ-SAURASHTRA-02,1000000,Hindi,Active
DLR-REG-2099,Shree Ram Krushi Kendra (Una),Haresh Verma,+91 98552 13396,dealer_2099@agrosphere.ai,Junagadh,Una,GJ-SAURASHTRA-02,350000,Gujarati,Active
DLR-REG-2100,Bharat Krushi Krushi Kendra (Padra),Haresh Sharma,+91 97270 53169,dealer_2100@agrosphere.ai,Vadodara,Padra,GJ-CENTRAL-01,200000,Gujarati,Active
DLR-REG-2101,Shree Ram Krushi Kendra (Savli),Mukesh Parmar,+91 98120 11292,dealer_2101@gmail.com,Vadodara,Savli,GJ-CENTRAL-01,750000,Gujarati,Active
DLR-REG-2102,Agro Care Krushi Kendra (Petlad),Kishor Gajera,+91 99411 74175,dealer_2102@gmail.com,Anand,Petlad,GJ-CENTRAL-02,1000000,Gujarati,Active
DLR-REG-2103,Bharat Krushi Krushi Kendra (Amod),Hasmukh Donga,+91 97196 32380,dealer_2103@kisanagro.in,Bharuch,Amod,GJ-SOUTH-02,750000,Gujarati,Active
DLR-REG-2104,Bharat Krushi Krushi Kendra (Waghodia),Haresh Pandya,+91 98953 87635,dealer_2104@gmail.com,Vadodara,Waghodia,GJ-CENTRAL-01,500000,Gujarati,Active
DLR-REG-2105,Shree Ram Krushi Kendra (Jambusar),Haresh Gajera,+91 99324 45044,dealer_2105@gmail.com,Bharuch,Jambusar,GJ-SOUTH-02,500000,Gujarati,Active
DLR-REG-2106,Kisan Seva Krushi Kendra (Hansot),Dinesh Gajera,+91 98449 71428,dealer_2106@agrosphere.ai,Bharuch,Hansot,GJ-SOUTH-02,500000,Gujarati,Active
DLR-REG-2107,Navjivan Krushi Kendra (Tarapur),Hasmukh Donga,+91 98251 63282,dealer_2107@kisanagro.in,Anand,Tarapur,GJ-CENTRAL-02,200000,Gujarati,Active
DLR-REG-2108,Agro Care Krushi Kendra (Jetpur),Pravin Gajera,+91 97346 47467,dealer_2108@agrosphere.ai,Rajkot,Jetpur,GJ-SAURASHTRA-01,750000,Gujarati,Active
DLR-REG-2109,Shree Ram Krushi Kendra (Tarapur),Dinesh Desai,+91 99109 99800,dealer_2109@agrosphere.ai,Anand,Tarapur,GJ-CENTRAL-02,1000000,Gujarati,Active
DLR-REG-2110,Vrundavan Krushi Kendra (Petlad),Pravin Savaliya,+91 99925 65702,dealer_2110@agrosphere.ai,Anand,Petlad,GJ-CENTRAL-02,1000000,Gujarati,Active
DLR-REG-2111,Vrundavan Krushi Kendra (Keshod),Ramesh Desai,+91 99762 78618,dealer_2111@gmail.com,Junagadh,Keshod,GJ-SAURASHTRA-02,350000,Gujarati,Active
DLR-REG-2112,Bharat Krushi Krushi Kendra (Karjan),Pravin Verma,+91 98731 74947,dealer_2112@kisanagro.in,Vadodara,Karjan,GJ-CENTRAL-01,350000,Gujarati,Active
DLR-REG-2113,Navjivan Krushi Kendra (Jasdan),Hasmukh Parmar,+91 98188 49213,dealer_2113@kisanagro.in,Rajkot,Jasdan,GJ-SAURASHTRA-01,500000,Gujarati,Active
DLR-REG-2114,Vrundavan Krushi Kendra (Keshod),Mukesh Chauhan,+91 98248 94275,dealer_2114@agrosphere.ai,Junagadh,Keshod,GJ-SAURASHTRA-02,200000,English,Active
DLR-REG-2115,Kisan Sahay Krushi Kendra (Mahuva),Pravin Verma,+91 99521 70339,dealer_2115@kisanagro.in,Surat,Mahuva,GJ-SOUTH-01,500000,Gujarati,Active
DLR-REG-2116,Krushi Vikas Krushi Kendra (Gondal),Ramesh Panchal,+91 98646 56469,dealer_2116@gmail.com,Rajkot,Gondal,GJ-SAURASHTRA-01,200000,English,Active
DLR-REG-2117,Agro Care Krushi Kendra (Borsad),Ramesh Shah,+91 98682 26232,dealer_2117@kisanagro.in,Anand,Borsad,GJ-CENTRAL-02,200000,Gujarati,Active
DLR-REG-2118,Navjivan Krushi Kendra (Unjha),Haresh Desai,+91 98533 49227,dealer_2118@kisanagro.in,Mehsana,Unjha,GJ-NORTH-01,750000,Gujarati,Active
DLR-REG-2119,Agro Care Krushi Kendra (Olpad),Dinesh Desai,+91 97662 28333,dealer_2119@kisanagro.in,Surat,Olpad,GJ-SOUTH-01,750000,Gujarati,Active
DLR-REG-2120,Agro Care Krushi Kendra (Karjan),Kishor Savaliya,+91 97164 27521,dealer_2120@kisanagro.in,Vadodara,Karjan,GJ-CENTRAL-01,750000,Gujarati,Active
DLR-REG-2121,Navjivan Krushi Kendra (Jetpur),Kishor Desai,+91 97486 65193,dealer_2121@kisanagro.in,Rajkot,Jetpur,GJ-SAURASHTRA-01,1000000,English,Active
DLR-REG-2122,Krushi Vikas Krushi Kendra (Visnagar),Haresh Zala,+91 99055 60967,dealer_2122@gmail.com,Mehsana,Visnagar,GJ-NORTH-01,200000,Gujarati,Active
DLR-REG-2123,Shree Ram Krushi Kendra (Kadi),Bharat Gajera,+91 99048 11788,dealer_2123@agrosphere.ai,Mehsana,Kadi,GJ-NORTH-01,350000,Gujarati,Active
DLR-REG-2124,Green Earth Krushi Kendra (Amod),Pravin Pandya,+91 98779 72939,dealer_2124@kisanagro.in,Bharuch,Amod,GJ-SOUTH-02,500000,English,Active
DLR-REG-2125,Navjivan Krushi Kendra (Dhoraji),Ramesh Pandya,+91 99987 77009,dealer_2125@gmail.com,Rajkot,Dhoraji,GJ-SAURASHTRA-01,350000,Gujarati,Active
DLR-REG-2126,Patel Agro Krushi Kendra (Kadi),Mukesh Panchal,+91 99729 66250,dealer_2126@gmail.com,Mehsana,Kadi,GJ-NORTH-01,750000,Gujarati,Active
DLR-REG-2127,Navjivan Krushi Kendra (Jambusar),Ramesh Parmar,+91 97939 25789,dealer_2127@gmail.com,Bharuch,Jambusar,GJ-SOUTH-02,750000,Gujarati,Active
DLR-REG-2128,Shree Ram Krushi Kendra (Karjan),Pravin Chauhan,+91 99525 36167,dealer_2128@gmail.com,Vadodara,Karjan,GJ-CENTRAL-01,200000,English,Active
DLR-REG-2129,Patel Agro Krushi Kendra (Tarapur),Mukesh Panchal,+91 97908 54063,dealer_2129@kisanagro.in,Anand,Tarapur,GJ-CENTRAL-02,750000,Gujarati,Active
DLR-REG-2130,Kisan Sahay Krushi Kendra (Mahuva),Hasmukh Donga,+91 98102 57654,dealer_2130@kisanagro.in,Surat,Mahuva,GJ-SOUTH-01,500000,English,Active
DLR-REG-2131,Kisan Sahay Krushi Kendra (Visavadar),Pravin Gajera,+91 97002 16832,dealer_2131@agrosphere.ai,Junagadh,Visavadar,GJ-SAURASHTRA-02,500000,Gujarati,Active
DLR-REG-2132,Patel Agro Krushi Kendra (Dabhoi),Hasmukh Pandya,+91 98764 34227,dealer_2132@kisanagro.in,Vadodara,Dabhoi,GJ-CENTRAL-01,750000,Gujarati,Active
DLR-REG-2133,Agro Care Krushi Kendra (Savli),Pravin Sharma,+91 99797 82321,dealer_2133@gmail.com,Vadodara,Savli,GJ-CENTRAL-01,500000,Gujarati,Active
DLR-REG-2134,Vrundavan Krushi Kendra (Amod),Bharat Shah,+91 97975 95229,dealer_2134@kisanagro.in,Bharuch,Amod,GJ-SOUTH-02,350000,Hindi,Active
DLR-REG-2135,Agro Care Krushi Kendra (Petlad),Hasmukh Gajera,+91 97168 86881,dealer_2135@agrosphere.ai,Anand,Petlad,GJ-CENTRAL-02,350000,Gujarati,Active
DLR-REG-2136,Agro Care Krushi Kendra (Hansot),Bharat Sharma,+91 98234 72154,dealer_2136@gmail.com,Bharuch,Hansot,GJ-SOUTH-02,1000000,Gujarati,Active
DLR-REG-2137,Navjivan Krushi Kendra (Jetpur),Kishor Chauhan,+91 99295 55526,dealer_2137@kisanagro.in,Rajkot,Jetpur,GJ-SAURASHTRA-01,750000,Gujarati,Active
DLR-REG-2138,Kisan Seva Krushi Kendra (Petlad),Pravin Chauhan,+91 97683 88532,dealer_2138@kisanagro.in,Anand,Petlad,GJ-CENTRAL-02,350000,Gujarati,Active
DLR-REG-2139,Navjivan Krushi Kendra (Gondal),Haresh Panchal,+91 99027 99744,dealer_2139@agrosphere.ai,Rajkot,Gondal,GJ-SAURASHTRA-01,1000000,Gujarati,Active
DLR-REG-2140,Bharat Krushi Krushi Kendra (Una),Haresh Chauhan,+91 98641 89589,dealer_2140@kisanagro.in,Junagadh,Una,GJ-SAURASHTRA-02,350000,Gujarati,Active
DLR-REG-2141,Vrundavan Krushi Kendra (Jetpur),Pravin Savaliya,+91 99100 69695,dealer_2141@agrosphere.ai,Rajkot,Jetpur,GJ-SAURASHTRA-01,1000000,Gujarati,Active
DLR-REG-2142,Patel Agro Krushi Kendra (Karjan),Kishor Panchal,+91 99261 25611,dealer_2142@gmail.com,Vadodara,Karjan,GJ-CENTRAL-01,350000,Gujarati,Active
DLR-REG-2143,Patel Agro Krushi Kendra (Mandvi),Ramesh Patel,+91 98137 27428,dealer_2143@kisanagro.in,Surat,Mandvi,GJ-SOUTH-01,200000,Gujarati,Active
DLR-REG-2144,Bharat Krushi Krushi Kendra (Visnagar),Pravin Sharma,+91 99656 55542,dealer_2144@agrosphere.ai,Mehsana,Visnagar,GJ-NORTH-01,1000000,Gujarati,Active
DLR-REG-2145,Bharat Krushi Krushi Kendra (Padra),Ramesh Donga,+91 98672 90148,dealer_2145@kisanagro.in,Vadodara,Padra,GJ-CENTRAL-01,500000,Gujarati,Active
DLR-REG-2146,Krushi Vikas Krushi Kendra (Ankleshwar),Kishor Savaliya,+91 97723 43552,dealer_2146@gmail.com,Bharuch,Ankleshwar,GJ-SOUTH-02,1000000,Hindi,Active
DLR-REG-2147,Patel Agro Krushi Kendra (Dhoraji),Mukesh Parmar,+91 98811 38919,dealer_2147@kisanagro.in,Rajkot,Dhoraji,GJ-SAURASHTRA-01,500000,Gujarati,Active
DLR-REG-2148,Shree Ram Krushi Kendra (Mahuva),Mukesh Desai,+91 99989 66872,dealer_2148@kisanagro.in,Surat,Mahuva,GJ-SOUTH-01,350000,English,Active
DLR-REG-2149,Shree Ram Krushi Kendra (Dhoraji),Ramesh Desai,+91 97721 34754,dealer_2149@agrosphere.ai,Rajkot,Dhoraji,GJ-SAURASHTRA-01,750000,Gujarati,Active
DLR-REG-2150,Kisan Sahay Krushi Kendra (Amod),Ramesh Donga,+91 97727 61668,dealer_2150@agrosphere.ai,Bharuch,Amod,GJ-SOUTH-02,1000000,Gujarati,Active
DLR-REG-2151,Agro Care Krushi Kendra (Jetpur),Mukesh Chauhan,+91 98863 94557,dealer_2151@kisanagro.in,Rajkot,Jetpur,GJ-SAURASHTRA-01,200000,Hindi,Active
DLR-REG-2152,Vrundavan Krushi Kendra (Keshod),Haresh Sharma,+91 98572 12715,dealer_2152@gmail.com,Junagadh,Keshod,GJ-SAURASHTRA-02,200000,Gujarati,Active
DLR-REG-2153,Agro Care Krushi Kendra (Manavadar),Ramesh Donga,+91 99569 88595,dealer_2153@gmail.com,Junagadh,Manavadar,GJ-SAURASHTRA-02,200000,Gujarati,Active
DLR-REG-2154,Agro Care Krushi Kendra (Olpad),Ramesh Savaliya,+91 98967 83774,dealer_2154@kisanagro.in,Surat,Olpad,GJ-SOUTH-01,350000,Gujarati,Active
DLR-REG-2155,Shree Ram Krushi Kendra (Dabhoi),Pravin Savaliya,+91 99226 45056,dealer_2155@agrosphere.ai,Vadodara,Dabhoi,GJ-CENTRAL-01,1000000,Gujarati,Active
DLR-REG-2156,Agro Care Krushi Kendra (Gondal),Kishor Shah,+91 97420 77048,dealer_2156@kisanagro.in,Rajkot,Gondal,GJ-SAURASHTRA-01,350000,Gujarati,Active
DLR-REG-2157,Navjivan Krushi Kendra (Keshod),Haresh Chauhan,+91 97603 56309,dealer_2157@agrosphere.ai,Junagadh,Keshod,GJ-SAURASHTRA-02,500000,Gujarati,Active
DLR-REG-2158,Agro Care Krushi Kendra (Hansot),Ramesh Desai,+91 97451 39428,dealer_2158@gmail.com,Bharuch,Hansot,GJ-SOUTH-02,500000,Gujarati,Active
DLR-REG-2159,Agro Care Krushi Kendra (Jasdan),Hasmukh Verma,+91 97177 89233,dealer_2159@gmail.com,Rajkot,Jasdan,GJ-SAURASHTRA-01,350000,English,Active
DLR-REG-2160,Vrundavan Krushi Kendra (Olpad),Haresh Gajera,+91 97615 97460,dealer_2160@agrosphere.ai,Surat,Olpad,GJ-SOUTH-01,500000,Hindi,Active
DLR-REG-2161,Krushi Vikas Krushi Kendra (Unjha),Kishor Sharma,+91 99044 96734,dealer_2161@kisanagro.in,Mehsana,Unjha,GJ-NORTH-01,500000,Gujarati,Active
DLR-REG-2162,Shree Ram Krushi Kendra (Kadi),Ramesh Zala,+91 98311 29369,dealer_2162@kisanagro.in,Mehsana,Kadi,GJ-NORTH-01,750000,English,Active
DLR-REG-2163,Agro Care Krushi Kendra (Kadi),Haresh Pandya,+91 99976 46500,dealer_2163@gmail.com,Mehsana,Kadi,GJ-NORTH-01,200000,Gujarati,Active
DLR-REG-2164,Green Earth Krushi Kendra (Manavadar),Bharat Verma,+91 99024 65552,dealer_2164@kisanagro.in,Junagadh,Manavadar,GJ-SAURASHTRA-02,750000,Hindi,Active
DLR-REG-2165,Shree Ram Krushi Kendra (Unjha),Mukesh Zala,+91 98569 64874,dealer_2165@agrosphere.ai,Mehsana,Unjha,GJ-NORTH-01,750000,Hindi,Active
DLR-REG-2166,Bharat Krushi Krushi Kendra (Mahuva),Mukesh Shah,+91 98575 20959,dealer_2166@agrosphere.ai,Surat,Mahuva,GJ-SOUTH-01,750000,Hindi,Active
DLR-REG-2167,Agro Care Krushi Kendra (Mandvi),Bharat Savaliya,+91 97011 36644,dealer_2167@gmail.com,Surat,Mandvi,GJ-SOUTH-01,500000,Hindi,Active
DLR-REG-2168,Agro Care Krushi Kendra (Borsad),Bharat Patel,+91 98478 28264,dealer_2168@kisanagro.in,Anand,Borsad,GJ-CENTRAL-02,750000,Gujarati,Active
DLR-REG-2169,Navjivan Krushi Kendra (Vijapur),Mukesh Savaliya,+91 97228 28061,dealer_2169@gmail.com,Mehsana,Vijapur,GJ-NORTH-01,350000,English,Active
DLR-REG-2170,Green Earth Krushi Kendra (Ankleshwar),Pravin Verma,+91 99872 23894,dealer_2170@agrosphere.ai,Bharuch,Ankleshwar,GJ-SOUTH-02,1000000,Gujarati,Active
DLR-REG-2171,Shree Ram Krushi Kendra (Tarapur),Ramesh Patel,+91 98496 28517,dealer_2171@gmail.com,Anand,Tarapur,GJ-CENTRAL-02,350000,Gujarati,Active
DLR-REG-2172,Shree Ram Krushi Kendra (Dhoraji),Ramesh Zala,+91 98924 28364,dealer_2172@agrosphere.ai,Rajkot,Dhoraji,GJ-SAURASHTRA-01,1000000,Gujarati,Active
DLR-REG-2173,Krushi Vikas Krushi Kendra (Umreth),Pravin Desai,+91 98174 24583,dealer_2173@gmail.com,Anand,Umreth,GJ-CENTRAL-02,200000,Gujarati,Active
DLR-REG-2174,Bharat Krushi Krushi Kendra (Mandvi),Pravin Gajera,+91 98623 65524,dealer_2174@agrosphere.ai,Surat,Mandvi,GJ-SOUTH-01,750000,Hindi,Active
DLR-REG-2175,Vrundavan Krushi Kendra (Amod),Kishor Shah,+91 99905 39794,dealer_2175@kisanagro.in,Bharuch,Amod,GJ-SOUTH-02,350000,Gujarati,Active
DLR-REG-2176,Shree Ram Krushi Kendra (Dhoraji),Mukesh Panchal,+91 98640 91139,dealer_2176@gmail.com,Rajkot,Dhoraji,GJ-SAURASHTRA-01,350000,English,Active
DLR-REG-2177,Kisan Seva Krushi Kendra (Keshod),Bharat Desai,+91 99673 94133,dealer_2177@kisanagro.in,Junagadh,Keshod,GJ-SAURASHTRA-02,750000,Gujarati,Active
DLR-REG-2178,Green Earth Krushi Kendra (Jasdan),Kishor Savaliya,+91 97444 23683,dealer_2178@gmail.com,Rajkot,Jasdan,GJ-SAURASHTRA-01,500000,Hindi,Active
DLR-REG-2179,Kisan Sahay Krushi Kendra (Unjha),Kishor Savaliya,+91 97666 80984,dealer_2179@gmail.com,Mehsana,Unjha,GJ-NORTH-01,200000,Gujarati,Active
DLR-REG-2180,Patel Agro Krushi Kendra (Bardoli),Mukesh Savaliya,+91 99614 14242,dealer_2180@gmail.com,Surat,Bardoli,GJ-SOUTH-01,500000,Gujarati,Active
DLR-REG-2181,Vrundavan Krushi Kendra (Bardoli),Dinesh Zala,+91 97187 16297,dealer_2181@kisanagro.in,Surat,Bardoli,GJ-SOUTH-01,200000,Gujarati,Active
DLR-REG-2182,Patel Agro Krushi Kendra (Jasdan),Mukesh Chauhan,+91 98288 61202,dealer_2182@agrosphere.ai,Rajkot,Jasdan,GJ-SAURASHTRA-01,500000,Gujarati,Active
DLR-REG-2183,Krushi Vikas Krushi Kendra (Ankleshwar),Hasmukh Chauhan,+91 99056 29685,dealer_2183@gmail.com,Bharuch,Ankleshwar,GJ-SOUTH-02,1000000,English,Active
DLR-REG-2184,Kisan Sahay Krushi Kendra (Tarapur),Ramesh Donga,+91 97620 99440,dealer_2184@kisanagro.in,Anand,Tarapur,GJ-CENTRAL-02,200000,Gujarati,Active
DLR-REG-2185,Navjivan Krushi Kendra (Jambusar),Ramesh Zala,+91 99943 31108,dealer_2185@agrosphere.ai,Bharuch,Jambusar,GJ-SOUTH-02,1000000,Hindi,Active
DLR-REG-2186,Kisan Seva Krushi Kendra (Amod),Ramesh Zala,+91 98388 48121,dealer_2186@kisanagro.in,Bharuch,Amod,GJ-SOUTH-02,1000000,English,Active
DLR-REG-2187,Navjivan Krushi Kendra (Dhoraji),Hasmukh Savaliya,+91 97624 84304,dealer_2187@agrosphere.ai,Rajkot,Dhoraji,GJ-SAURASHTRA-01,750000,Gujarati,Active
DLR-REG-2188,Shree Ram Krushi Kendra (Kadi),Kishor Zala,+91 99241 21425,dealer_2188@kisanagro.in,Mehsana,Kadi,GJ-NORTH-01,200000,English,Active
DLR-REG-2189,Patel Agro Krushi Kendra (Karjan),Hasmukh Gajera,+91 98147 85564,dealer_2189@kisanagro.in,Vadodara,Karjan,GJ-CENTRAL-01,500000,Gujarati,Active
DLR-REG-2190,Kisan Seva Krushi Kendra (Jetpur),Dinesh Donga,+91 98048 67939,dealer_2190@agrosphere.ai,Rajkot,Jetpur,GJ-SAURASHTRA-01,350000,Gujarati,Active
DLR-REG-2191,Kisan Sahay Krushi Kendra (Mahuva),Kishor Verma,+91 98642 63612,dealer_2191@agrosphere.ai,Surat,Mahuva,GJ-SOUTH-01,350000,English,Active
DLR-REG-2192,Vrundavan Krushi Kendra (Waghodia),Bharat Verma,+91 97341 99417,dealer_2192@kisanagro.in,Vadodara,Waghodia,GJ-CENTRAL-01,1000000,English,Active
DLR-REG-2193,Vrundavan Krushi Kendra (Padra),Pravin Gohil,+91 98002 83505,dealer_2193@gmail.com,Vadodara,Padra,GJ-CENTRAL-01,350000,Gujarati,Active
DLR-REG-2194,Shree Ram Krushi Kendra (Dabhoi),Haresh Pandya,+91 97298 39235,dealer_2194@kisanagro.in,Vadodara,Dabhoi,GJ-CENTRAL-01,750000,Gujarati,Active
DLR-REG-2195,Kisan Seva Krushi Kendra (Dabhoi),Dinesh Gohil,+91 97446 21248,dealer_2195@gmail.com,Vadodara,Dabhoi,GJ-CENTRAL-01,200000,English,Active
DLR-REG-2196,Navjivan Krushi Kendra (Vijapur),Bharat Chauhan,+91 97264 51587,dealer_2196@kisanagro.in,Mehsana,Vijapur,GJ-NORTH-01,1000000,English,Active
DLR-REG-2197,Agro Care Krushi Kendra (Una),Dinesh Donga,+91 97156 81444,dealer_2197@gmail.com,Junagadh,Una,GJ-SAURASHTRA-02,750000,Gujarati,Active
DLR-REG-2198,Krushi Vikas Krushi Kendra (Jambusar),Pravin Pandya,+91 99462 59844,dealer_2198@gmail.com,Bharuch,Jambusar,GJ-SOUTH-02,500000,English,Active
DLR-REG-2199,Kisan Sahay Krushi Kendra (Borsad),Pravin Savaliya,+91 99800 65433,dealer_2199@kisanagro.in,Anand,Borsad,GJ-CENTRAL-02,500000,Gujarati,Active
DLR-REG-2200,Agro Care Krushi Kendra (Jetpur),Haresh Donga,+91 97334 49103,dealer_2200@agrosphere.ai,Rajkot,Jetpur,GJ-SAURASHTRA-01,750000,English,Active
DLR-REG-2201,Patel Agro Krushi Kendra (Mandvi),Pravin Gajera,+91 97378 66168,dealer_2201@kisanagro.in,Surat,Mandvi,GJ-SOUTH-01,500000,Gujarati,Active
DLR-REG-2202,Green Earth Krushi Kendra (Visavadar),Dinesh Desai,+91 99193 31061,dealer_2202@agrosphere.ai,Junagadh,Visavadar,GJ-SAURASHTRA-02,750000,Gujarati,Active
DLR-REG-2203,Kisan Sahay Krushi Kendra (Hansot),Mukesh Shah,+91 97318 97551,dealer_2203@agrosphere.ai,Bharuch,Hansot,GJ-SOUTH-02,1000000,Gujarati,Active
DLR-REG-2204,Kisan Sahay Krushi Kendra (Savli),Dinesh Gajera,+91 97604 75463,dealer_2204@kisanagro.in,Vadodara,Savli,GJ-CENTRAL-01,200000,English,Active
DLR-REG-2205,Kisan Sahay Krushi Kendra (Waghodia),Ramesh Desai,+91 99598 68894,dealer_2205@agrosphere.ai,Vadodara,Waghodia,GJ-CENTRAL-01,1000000,Gujarati,Active
DLR-REG-2206,Navjivan Krushi Kendra (Jetpur),Ramesh Chauhan,+91 99461 59487,dealer_2206@gmail.com,Rajkot,Jetpur,GJ-SAURASHTRA-01,500000,Gujarati,Active
DLR-REG-2207,Krushi Vikas Krushi Kendra (Keshod),Bharat Parmar,+91 97066 49576,dealer_2207@kisanagro.in,Junagadh,Keshod,GJ-SAURASHTRA-02,1000000,Gujarati,Active
DLR-REG-2208,Kisan Seva Krushi Kendra (Hansot),Haresh Chauhan,+91 98440 56165,dealer_2208@agrosphere.ai,Bharuch,Hansot,GJ-SOUTH-02,750000,Hindi,Active
DLR-REG-2209,Agro Care Krushi Kendra (Unjha),Dinesh Gajera,+91 98754 58905,dealer_2209@gmail.com,Mehsana,Unjha,GJ-NORTH-01,1000000,Hindi,Active
DLR-REG-2210,Green Earth Krushi Kendra (Una),Haresh Donga,+91 99597 47125,dealer_2210@agrosphere.ai,Junagadh,Una,GJ-SAURASHTRA-02,1000000,Gujarati,Active
DLR-REG-2211,Agro Care Krushi Kendra (Gondal),Pravin Gohil,+91 99524 63907,dealer_2211@gmail.com,Rajkot,Gondal,GJ-SAURASHTRA-01,750000,Hindi,Active
DLR-REG-2212,Kisan Seva Krushi Kendra (Bardoli),Pravin Shah,+91 99734 47998,dealer_2212@kisanagro.in,Surat,Bardoli,GJ-SOUTH-01,350000,Gujarati,Active
DLR-REG-2213,Bharat Krushi Krushi Kendra (Vijapur),Hasmukh Chauhan,+91 97801 71548,dealer_2213@gmail.com,Mehsana,Vijapur,GJ-NORTH-01,500000,English,Active
DLR-REG-2214,Kisan Sahay Krushi Kendra (Umreth),Mukesh Verma,+91 99078 47172,dealer_2214@kisanagro.in,Anand,Umreth,GJ-CENTRAL-02,500000,Gujarati,Active
DLR-REG-2215,Navjivan Krushi Kendra (Vijapur),Haresh Patel,+91 97133 12035,dealer_2215@gmail.com,Mehsana,Vijapur,GJ-NORTH-01,350000,Gujarati,Active
DLR-REG-2216,Krushi Vikas Krushi Kendra (Unjha),Haresh Gajera,+91 97990 82841,dealer_2216@kisanagro.in,Mehsana,Unjha,GJ-NORTH-01,350000,Hindi,Active
DLR-REG-2217,Kisan Sahay Krushi Kendra (Hansot),Haresh Zala,+91 97527 93397,dealer_2217@kisanagro.in,Bharuch,Hansot,GJ-SOUTH-02,350000,English,Active
DLR-REG-2218,Shree Ram Krushi Kendra (Waghodia),Mukesh Chauhan,+91 97407 26558,dealer_2218@agrosphere.ai,Vadodara,Waghodia,GJ-CENTRAL-01,200000,Hindi,Active
DLR-REG-2219,Patel Agro Krushi Kendra (Vijapur),Ramesh Parmar,+91 98320 36707,dealer_2219@gmail.com,Mehsana,Vijapur,GJ-NORTH-01,200000,Gujarati,Active
DLR-REG-2220,Vrundavan Krushi Kendra (Petlad),Pravin Gajera,+91 99531 81260,dealer_2220@gmail.com,Anand,Petlad,GJ-CENTRAL-02,1000000,English,Active
DLR-REG-2221,Kisan Seva Krushi Kendra (Jetpur),Bharat Gohil,+91 97764 41420,dealer_2221@agrosphere.ai,Rajkot,Jetpur,GJ-SAURASHTRA-01,350000,Gujarati,Active
DLR-REG-2222,Green Earth Krushi Kendra (Manavadar),Kishor Zala,+91 99700 16782,dealer_2222@kisanagro.in,Junagadh,Manavadar,GJ-SAURASHTRA-02,200000,Gujarati,Active
DLR-REG-2223,Vrundavan Krushi Kendra (Ankleshwar),Hasmukh Parmar,+91 97454 70178,dealer_2223@agrosphere.ai,Bharuch,Ankleshwar,GJ-SOUTH-02,200000,Gujarati,Active
DLR-REG-2224,Patel Agro Krushi Kendra (Visavadar),Hasmukh Gajera,+91 97316 74781,dealer_2224@kisanagro.in,Junagadh,Visavadar,GJ-SAURASHTRA-02,350000,English,Active
DLR-REG-2225,Kisan Sahay Krushi Kendra (Dhoraji),Hasmukh Chauhan,+91 98992 92009,dealer_2225@gmail.com,Rajkot,Dhoraji,GJ-SAURASHTRA-01,350000,English,Active
DLR-REG-2226,Kisan Seva Krushi Kendra (Khambhat),Ramesh Zala,+91 97736 49158,dealer_2226@gmail.com,Anand,Khambhat,GJ-CENTRAL-02,350000,Hindi,Active
DLR-REG-2227,Agro Care Krushi Kendra (Ankleshwar),Bharat Verma,+91 98982 90478,dealer_2227@agrosphere.ai,Bharuch,Ankleshwar,GJ-SOUTH-02,1000000,Gujarati,Active
DLR-REG-2228,Agro Care Krushi Kendra (Visavadar),Pravin Savaliya,+91 99195 13019,dealer_2228@agrosphere.ai,Junagadh,Visavadar,GJ-SAURASHTRA-02,1000000,Gujarati,Active
DLR-REG-2229,Agro Care Krushi Kendra (Visavadar),Pravin Savaliya,+91 98341 28161,dealer_2229@gmail.com,Junagadh,Visavadar,GJ-SAURASHTRA-02,200000,Gujarati,Active
DLR-REG-2230,Kisan Seva Krushi Kendra (Savli),Hasmukh Savaliya,+91 98427 82285,dealer_2230@agrosphere.ai,Vadodara,Savli,GJ-CENTRAL-01,500000,English,Active
DLR-REG-2231,Green Earth Krushi Kendra (Hansot),Haresh Shah,+91 97790 42780,dealer_2231@gmail.com,Bharuch,Hansot,GJ-SOUTH-02,350000,Gujarati,Active
DLR-REG-2232,Vrundavan Krushi Kendra (Petlad),Kishor Zala,+91 97678 36978,dealer_2232@agrosphere.ai,Anand,Petlad,GJ-CENTRAL-02,750000,English,Active
DLR-REG-2233,Vrundavan Krushi Kendra (Umreth),Kishor Panchal,+91 98305 91646,dealer_2233@gmail.com,Anand,Umreth,GJ-CENTRAL-02,1000000,English,Active
DLR-REG-2234,Vrundavan Krushi Kendra (Borsad),Bharat Verma,+91 99591 18423,dealer_2234@kisanagro.in,Anand,Borsad,GJ-CENTRAL-02,350000,Gujarati,Active
DLR-REG-2235,Vrundavan Krushi Kendra (Olpad),Kishor Chauhan,+91 99473 94554,dealer_2235@agrosphere.ai,Surat,Olpad,GJ-SOUTH-01,500000,English,Active
DLR-REG-2236,Shree Ram Krushi Kendra (Gondal),Bharat Zala,+91 98758 34368,dealer_2236@kisanagro.in,Rajkot,Gondal,GJ-SAURASHTRA-01,350000,Gujarati,Active
DLR-REG-2237,Krushi Vikas Krushi Kendra (Visavadar),Bharat Gajera,+91 97500 11262,dealer_2237@kisanagro.in,Junagadh,Visavadar,GJ-SAURASHTRA-02,200000,Gujarati,Active
DLR-REG-2238,Vrundavan Krushi Kendra (Una),Bharat Zala,+91 97952 83615,dealer_2238@gmail.com,Junagadh,Una,GJ-SAURASHTRA-02,750000,Gujarati,Active
DLR-REG-2239,Bharat Krushi Krushi Kendra (Mandvi),Hasmukh Savaliya,+91 99297 46444,dealer_2239@agrosphere.ai,Surat,Mandvi,GJ-SOUTH-01,1000000,Gujarati,Active
DLR-REG-2240,Green Earth Krushi Kendra (Mahuva),Bharat Verma,+91 97811 35837,dealer_2240@gmail.com,Surat,Mahuva,GJ-SOUTH-01,750000,English,Active
DLR-REG-2241,Green Earth Krushi Kendra (Jasdan),Hasmukh Sharma,+91 98854 32431,dealer_2241@agrosphere.ai,Rajkot,Jasdan,GJ-SAURASHTRA-01,500000,Hindi,Active
DLR-REG-2242,Vrundavan Krushi Kendra (Borsad),Kishor Patel,+91 97073 94366,dealer_2242@agrosphere.ai,Anand,Borsad,GJ-CENTRAL-02,200000,English,Active
DLR-REG-2243,Green Earth Krushi Kendra (Karjan),Pravin Patel,+91 98381 94512,dealer_2243@gmail.com,Vadodara,Karjan,GJ-CENTRAL-01,200000,English,Active
DLR-REG-2244,Patel Agro Krushi Kendra (Dhoraji),Bharat Donga,+91 98416 62473,dealer_2244@gmail.com,Rajkot,Dhoraji,GJ-SAURASHTRA-01,1000000,Gujarati,Active
DLR-REG-2245,Kisan Sahay Krushi Kendra (Tarapur),Kishor Chauhan,+91 99852 69582,dealer_2245@kisanagro.in,Anand,Tarapur,GJ-CENTRAL-02,200000,Gujarati,Active
DLR-REG-2246,Kisan Sahay Krushi Kendra (Bardoli),Pravin Savaliya,+91 97042 28184,dealer_2246@gmail.com,Surat,Bardoli,GJ-SOUTH-01,500000,English,Active
DLR-REG-2247,Agro Care Krushi Kendra (Manavadar),Bharat Savaliya,+91 99201 10647,dealer_2247@agrosphere.ai,Junagadh,Manavadar,GJ-SAURASHTRA-02,200000,Gujarati,Active
DLR-REG-2248,Agro Care Krushi Kendra (Kadi),Kishor Patel,+91 97307 44567,dealer_2248@kisanagro.in,Mehsana,Kadi,GJ-NORTH-01,1000000,English,Active
DLR-REG-2249,Shree Ram Krushi Kendra (Karjan),Dinesh Pandya,+91 97491 26552,dealer_2249@kisanagro.in,Vadodara,Karjan,GJ-CENTRAL-01,350000,Hindi,Active
DLR-REG-2250,Kisan Seva Krushi Kendra (Vijapur),Hasmukh Gohil,+91 99137 79152,dealer_2250@gmail.com,Mehsana,Vijapur,GJ-NORTH-01,1000000,English,Active
DLR-REG-2251,Patel Agro Krushi Kendra (Hansot),Dinesh Verma,+91 97925 22032,dealer_2251@kisanagro.in,Bharuch,Hansot,GJ-SOUTH-02,500000,Gujarati,Active
DLR-REG-2252,Navjivan Krushi Kendra (Waghodia),Mukesh Gohil,+91 99846 20225,dealer_2252@gmail.com,Vadodara,Waghodia,GJ-CENTRAL-01,750000,Gujarati,Active
DLR-REG-2253,Navjivan Krushi Kendra (Keshod),Haresh Desai,+91 97769 73916,dealer_2253@gmail.com,Junagadh,Keshod,GJ-SAURASHTRA-02,500000,Gujarati,Active
DLR-REG-2254,Patel Agro Krushi Kendra (Unjha),Dinesh Panchal,+91 99684 30184,dealer_2254@agrosphere.ai,Mehsana,Unjha,GJ-NORTH-01,200000,Gujarati,Active
DLR-REG-2255,Green Earth Krushi Kendra (Visavadar),Mukesh Desai,+91 98639 34635,dealer_2255@gmail.com,Junagadh,Visavadar,GJ-SAURASHTRA-02,500000,English,Active
DLR-REG-2256,Vrundavan Krushi Kendra (Visavadar),Hasmukh Gohil,+91 97603 70418,dealer_2256@gmail.com,Junagadh,Visavadar,GJ-SAURASHTRA-02,200000,Gujarati,Active
DLR-REG-2257,Shree Ram Krushi Kendra (Dhoraji),Pravin Donga,+91 98950 96754,dealer_2257@agrosphere.ai,Rajkot,Dhoraji,GJ-SAURASHTRA-01,750000,Gujarati,Active
DLR-REG-2258,Bharat Krushi Krushi Kendra (Padra),Bharat Sharma,+91 98767 37795,dealer_2258@gmail.com,Vadodara,Padra,GJ-CENTRAL-01,750000,Hindi,Active
DLR-REG-2259,Krushi Vikas Krushi Kendra (Tarapur),Dinesh Patel,+91 98116 58467,dealer_2259@gmail.com,Anand,Tarapur,GJ-CENTRAL-02,200000,English,Active
DLR-REG-2260,Navjivan Krushi Kendra (Hansot),Mukesh Donga,+91 98649 33153,dealer_2260@agrosphere.ai,Bharuch,Hansot,GJ-SOUTH-02,500000,Hindi,Active
DLR-REG-2261,Bharat Krushi Krushi Kendra (Mahuva),Hasmukh Chauhan,+91 99790 16536,dealer_2261@agrosphere.ai,Surat,Mahuva,GJ-SOUTH-01,350000,Gujarati,Active
DLR-REG-2262,Kisan Sahay Krushi Kendra (Keshod),Kishor Patel,+91 97977 18630,dealer_2262@agrosphere.ai,Junagadh,Keshod,GJ-SAURASHTRA-02,200000,Gujarati,Active
DLR-REG-2263,Green Earth Krushi Kendra (Una),Hasmukh Chauhan,+91 97900 45162,dealer_2263@kisanagro.in,Junagadh,Una,GJ-SAURASHTRA-02,350000,Gujarati,Active
DLR-REG-2264,Krushi Vikas Krushi Kendra (Visnagar),Kishor Gohil,+91 99891 88159,dealer_2264@kisanagro.in,Mehsana,Visnagar,GJ-NORTH-01,200000,Gujarati,Active
DLR-REG-2265,Patel Agro Krushi Kendra (Una),Mukesh Parmar,+91 97697 51302,dealer_2265@agrosphere.ai,Junagadh,Una,GJ-SAURASHTRA-02,200000,Gujarati,Active
DLR-REG-2266,Kisan Seva Krushi Kendra (Visavadar),Pravin Gajera,+91 99728 72206,dealer_2266@kisanagro.in,Junagadh,Visavadar,GJ-SAURASHTRA-02,500000,Gujarati,Active
DLR-REG-2267,Agro Care Krushi Kendra (Visavadar),Pravin Gajera,+91 99433 56156,dealer_2267@kisanagro.in,Junagadh,Visavadar,GJ-SAURASHTRA-02,1000000,Gujarati,Active
DLR-REG-2268,Kisan Seva Krushi Kendra (Borsad),Pravin Sharma,+91 97071 84352,dealer_2268@agrosphere.ai,Anand,Borsad,GJ-CENTRAL-02,500000,Gujarati,Active
DLR-REG-2269,Shree Ram Krushi Kendra (Mandvi),Hasmukh Zala,+91 97409 49924,dealer_2269@agrosphere.ai,Surat,Mandvi,GJ-SOUTH-01,500000,English,Active
DLR-REG-2270,Bharat Krushi Krushi Kendra (Khambhat),Dinesh Donga,+91 98038 57748,dealer_2270@kisanagro.in,Anand,Khambhat,GJ-CENTRAL-02,200000,Gujarati,Active
DLR-REG-2271,Bharat Krushi Krushi Kendra (Savli),Dinesh Zala,+91 97461 45381,dealer_2271@agrosphere.ai,Vadodara,Savli,GJ-CENTRAL-01,1000000,Gujarati,Active
DLR-REG-2272,Navjivan Krushi Kendra (Una),Ramesh Gohil,+91 98463 75251,dealer_2272@gmail.com,Junagadh,Una,GJ-SAURASHTRA-02,350000,Hindi,Active
DLR-REG-2273,Krushi Vikas Krushi Kendra (Hansot),Hasmukh Savaliya,+91 97793 59516,dealer_2273@agrosphere.ai,Bharuch,Hansot,GJ-SOUTH-02,200000,Gujarati,Active
DLR-REG-2274,Bharat Krushi Krushi Kendra (Hansot),Kishor Gajera,+91 99781 55723,dealer_2274@kisanagro.in,Bharuch,Hansot,GJ-SOUTH-02,750000,Hindi,Active
DLR-REG-2275,Patel Agro Krushi Kendra (Khambhat),Pravin Savaliya,+91 99373 78167,dealer_2275@agrosphere.ai,Anand,Khambhat,GJ-CENTRAL-02,500000,Hindi,Active
DLR-REG-2276,Kisan Seva Krushi Kendra (Dhoraji),Bharat Pandya,+91 98181 24442,dealer_2276@gmail.com,Rajkot,Dhoraji,GJ-SAURASHTRA-01,750000,Gujarati,Active
DLR-REG-2277,Bharat Krushi Krushi Kendra (Borsad),Ramesh Donga,+91 98243 73809,dealer_2277@kisanagro.in,Anand,Borsad,GJ-CENTRAL-02,200000,Gujarati,Active
DLR-REG-2278,Kisan Sahay Krushi Kendra (Dhoraji),Kishor Savaliya,+91 99429 26178,dealer_2278@gmail.com,Rajkot,Dhoraji,GJ-SAURASHTRA-01,750000,Gujarati,Active
DLR-REG-2279,Krushi Vikas Krushi Kendra (Dhoraji),Pravin Gohil,+91 97204 42955,dealer_2279@gmail.com,Rajkot,Dhoraji,GJ-SAURASHTRA-01,500000,Gujarati,Active
DLR-REG-2280,Agro Care Krushi Kendra (Visnagar),Kishor Panchal,+91 97584 35785,dealer_2280@kisanagro.in,Mehsana,Visnagar,GJ-NORTH-01,1000000,Gujarati,Active
DLR-REG-2281,Kisan Sahay Krushi Kendra (Karjan),Bharat Desai,+91 98018 98932,dealer_2281@agrosphere.ai,Vadodara,Karjan,GJ-CENTRAL-01,750000,English,Active
DLR-REG-2282,Patel Agro Krushi Kendra (Petlad),Kishor Donga,+91 97709 83912,dealer_2282@kisanagro.in,Anand,Petlad,GJ-CENTRAL-02,500000,Hindi,Active
DLR-REG-2283,Patel Agro Krushi Kendra (Manavadar),Haresh Gajera,+91 99270 36151,dealer_2283@kisanagro.in,Junagadh,Manavadar,GJ-SAURASHTRA-02,500000,Gujarati,Active
DLR-REG-2284,Kisan Seva Krushi Kendra (Waghodia),Ramesh Shah,+91 98539 67264,dealer_2284@gmail.com,Vadodara,Waghodia,GJ-CENTRAL-01,350000,Hindi,Active
DLR-REG-2285,Bharat Krushi Krushi Kendra (Khambhat),Bharat Gohil,+91 98918 56424,dealer_2285@kisanagro.in,Anand,Khambhat,GJ-CENTRAL-02,750000,English,Active
DLR-REG-2286,Kisan Sahay Krushi Kendra (Umreth),Pravin Shah,+91 98724 21590,dealer_2286@gmail.com,Anand,Umreth,GJ-CENTRAL-02,1000000,Gujarati,Active
DLR-REG-2287,Vrundavan Krushi Kendra (Visnagar),Bharat Shah,+91 97521 91381,dealer_2287@agrosphere.ai,Mehsana,Visnagar,GJ-NORTH-01,1000000,Gujarati,Active
DLR-REG-2288,Shree Ram Krushi Kendra (Dhoraji),Pravin Chauhan,+91 98895 77896,dealer_2288@kisanagro.in,Rajkot,Dhoraji,GJ-SAURASHTRA-01,200000,Gujarati,Active
DLR-REG-2289,Agro Care Krushi Kendra (Jasdan),Hasmukh Verma,+91 98190 84113,dealer_2289@kisanagro.in,Rajkot,Jasdan,GJ-SAURASHTRA-01,500000,Gujarati,Active
DLR-REG-2290,Navjivan Krushi Kendra (Gondal),Ramesh Shah,+91 99302 74920,dealer_2290@gmail.com,Rajkot,Gondal,GJ-SAURASHTRA-01,350000,Gujarati,Active
DLR-REG-2291,Kisan Sahay Krushi Kendra (Savli),Dinesh Zala,+91 99554 36306,dealer_2291@gmail.com,Vadodara,Savli,GJ-CENTRAL-01,200000,Gujarati,Active
DLR-REG-2292,Bharat Krushi Krushi Kendra (Keshod),Mukesh Sharma,+91 97836 23579,dealer_2292@kisanagro.in,Junagadh,Keshod,GJ-SAURASHTRA-02,200000,Hindi,Active
DLR-REG-2293,Kisan Sahay Krushi Kendra (Umreth),Kishor Sharma,+91 98657 73402,dealer_2293@gmail.com,Anand,Umreth,GJ-CENTRAL-02,350000,Hindi,Active
DLR-REG-2294,Kisan Seva Krushi Kendra (Waghodia),Hasmukh Parmar,+91 98770 29168,dealer_2294@agrosphere.ai,Vadodara,Waghodia,GJ-CENTRAL-01,200000,Gujarati,Active
DLR-REG-2295,Shree Ram Krushi Kendra (Manavadar),Mukesh Shah,+91 98950 72975,dealer_2295@kisanagro.in,Junagadh,Manavadar,GJ-SAURASHTRA-02,500000,Gujarati,Active
DLR-REG-2296,Krushi Vikas Krushi Kendra (Mahuva),Kishor Gohil,+91 98602 60570,dealer_2296@agrosphere.ai,Surat,Mahuva,GJ-SOUTH-01,200000,English,Active
DLR-REG-2297,Shree Ram Krushi Kendra (Umreth),Kishor Patel,+91 98872 25745,dealer_2297@agrosphere.ai,Anand,Umreth,GJ-CENTRAL-02,750000,Gujarati,Active
DLR-REG-2298,Kisan Sahay Krushi Kendra (Olpad),Dinesh Gohil,+91 97174 56494,dealer_2298@gmail.com,Surat,Olpad,GJ-SOUTH-01,750000,English,Active
DLR-REG-2299,Shree Ram Krushi Kendra (Padra),Mukesh Verma,+91 98428 78820,dealer_2299@kisanagro.in,Vadodara,Padra,GJ-CENTRAL-01,1000000,Gujarati,Active
DLR-REG-2300,Krushi Vikas Krushi Kendra (Manavadar),Bharat Gohil,+91 98882 28355,dealer_2300@kisanagro.in,Junagadh,Manavadar,GJ-SAURASHTRA-02,500000,English,Active
DLR-REG-2301,Green Earth Krushi Kendra (Dhoraji),Ramesh Desai,+91 99359 76450,dealer_2301@agrosphere.ai,Rajkot,Dhoraji,GJ-SAURASHTRA-01,1000000,Gujarati,Active
DLR-REG-2302,Vrundavan Krushi Kendra (Visavadar),Bharat Pandya,+91 99394 90933,dealer_2302@kisanagro.in,Junagadh,Visavadar,GJ-SAURASHTRA-02,200000,Gujarati,Active
DLR-REG-2303,Navjivan Krushi Kendra (Jetpur),Hasmukh Sharma,+91 99045 99040,dealer_2303@kisanagro.in,Rajkot,Jetpur,GJ-SAURASHTRA-01,500000,Gujarati,Active
DLR-REG-2304,Agro Care Krushi Kendra (Visnagar),Haresh Gajera,+91 98720 18437,dealer_2304@gmail.com,Mehsana,Visnagar,GJ-NORTH-01,1000000,Gujarati,Active
DLR-REG-2305,Agro Care Krushi Kendra (Gondal),Bharat Desai,+91 99484 92744,dealer_2305@gmail.com,Rajkot,Gondal,GJ-SAURASHTRA-01,350000,Gujarati,Active
DLR-REG-2306,Green Earth Krushi Kendra (Dhoraji),Mukesh Gajera,+91 97801 43095,dealer_2306@kisanagro.in,Rajkot,Dhoraji,GJ-SAURASHTRA-01,750000,Gujarati,Active
DLR-REG-2307,Shree Ram Krushi Kendra (Manavadar),Mukesh Chauhan,+91 97352 86298,dealer_2307@gmail.com,Junagadh,Manavadar,GJ-SAURASHTRA-02,200000,Gujarati,Active
DLR-REG-2308,Kisan Sahay Krushi Kendra (Jetpur),Haresh Verma,+91 99327 81641,dealer_2308@gmail.com,Rajkot,Jetpur,GJ-SAURASHTRA-01,500000,Gujarati,Active
DLR-REG-2309,Navjivan Krushi Kendra (Hansot),Mukesh Parmar,+91 99336 72093,dealer_2309@agrosphere.ai,Bharuch,Hansot,GJ-SOUTH-02,500000,Gujarati,Active
DLR-REG-2310,Agro Care Krushi Kendra (Mandvi),Haresh Desai,+91 99561 59298,dealer_2310@gmail.com,Surat,Mandvi,GJ-SOUTH-01,1000000,Gujarati,Active
DLR-REG-2311,Agro Care Krushi Kendra (Visavadar),Dinesh Sharma,+91 97944 16747,dealer_2311@agrosphere.ai,Junagadh,Visavadar,GJ-SAURASHTRA-02,1000000,Gujarati,Active
DLR-REG-2312,Patel Agro Krushi Kendra (Jetpur),Kishor Parmar,+91 98599 56911,dealer_2312@gmail.com,Rajkot,Jetpur,GJ-SAURASHTRA-01,350000,Gujarati,Active
DLR-REG-2313,Bharat Krushi Krushi Kendra (Jetpur),Kishor Pandya,+91 98635 91087,dealer_2313@gmail.com,Rajkot,Jetpur,GJ-SAURASHTRA-01,1000000,Gujarati,Active
DLR-REG-2314,Patel Agro Krushi Kendra (Mahuva),Pravin Gohil,+91 97132 54308,dealer_2314@kisanagro.in,Surat,Mahuva,GJ-SOUTH-01,500000,Gujarati,Active
DLR-REG-2315,Shree Ram Krushi Kendra (Padra),Bharat Savaliya,+91 99717 18169,dealer_2315@gmail.com,Vadodara,Padra,GJ-CENTRAL-01,750000,Gujarati,Active
DLR-REG-2316,Krushi Vikas Krushi Kendra (Kadi),Haresh Sharma,+91 99450 90272,dealer_2316@gmail.com,Mehsana,Kadi,GJ-NORTH-01,1000000,English,Active
DLR-REG-2317,Kisan Sahay Krushi Kendra (Visavadar),Pravin Sharma,+91 99034 76532,dealer_2317@gmail.com,Junagadh,Visavadar,GJ-SAURASHTRA-02,500000,English,Active
DLR-REG-2318,Navjivan Krushi Kendra (Khambhat),Pravin Patel,+91 97107 35712,dealer_2318@agrosphere.ai,Anand,Khambhat,GJ-CENTRAL-02,1000000,English,Active
DLR-REG-2319,Bharat Krushi Krushi Kendra (Ankleshwar),Pravin Desai,+91 98585 59444,dealer_2319@agrosphere.ai,Bharuch,Ankleshwar,GJ-SOUTH-02,350000,English,Active
DLR-REG-2320,Bharat Krushi Krushi Kendra (Hansot),Hasmukh Gajera,+91 98793 25465,dealer_2320@agrosphere.ai,Bharuch,Hansot,GJ-SOUTH-02,500000,Gujarati,Active
DLR-REG-2321,Green Earth Krushi Kendra (Visavadar),Mukesh Patel,+91 97950 22057,dealer_2321@agrosphere.ai,Junagadh,Visavadar,GJ-SAURASHTRA-02,200000,Gujarati,Active
DLR-REG-2322,Vrundavan Krushi Kendra (Tarapur),Pravin Patel,+91 99948 42757,dealer_2322@gmail.com,Anand,Tarapur,GJ-CENTRAL-02,200000,Gujarati,Active
DLR-REG-2323,Shree Ram Krushi Kendra (Una),Pravin Donga,+91 98286 55831,dealer_2323@agrosphere.ai,Junagadh,Una,GJ-SAURASHTRA-02,350000,Gujarati,Active
DLR-REG-2324,Kisan Seva Krushi Kendra (Una),Hasmukh Gohil,+91 99689 20066,dealer_2324@gmail.com,Junagadh,Una,GJ-SAURASHTRA-02,500000,Hindi,Active
DLR-REG-2325,Krushi Vikas Krushi Kendra (Una),Mukesh Parmar,+91 98816 49677,dealer_2325@kisanagro.in,Junagadh,Una,GJ-SAURASHTRA-02,1000000,Gujarati,Active
DLR-REG-2326,Bharat Krushi Krushi Kendra (Visnagar),Bharat Donga,+91 99858 80964,dealer_2326@agrosphere.ai,Mehsana,Visnagar,GJ-NORTH-01,200000,Gujarati,Active
DLR-REG-2327,Vrundavan Krushi Kendra (Dabhoi),Kishor Desai,+91 97321 36680,dealer_2327@gmail.com,Vadodara,Dabhoi,GJ-CENTRAL-01,1000000,Gujarati,Active
DLR-REG-2328,Navjivan Krushi Kendra (Waghodia),Bharat Sharma,+91 99969 28607,dealer_2328@gmail.com,Vadodara,Waghodia,GJ-CENTRAL-01,350000,English,Active
DLR-REG-2329,Agro Care Krushi Kendra (Hansot),Dinesh Patel,+91 97138 45428,dealer_2329@kisanagro.in,Bharuch,Hansot,GJ-SOUTH-02,1000000,English,Active
DLR-REG-2330,Kisan Sahay Krushi Kendra (Padra),Haresh Donga,+91 99028 12470,dealer_2330@kisanagro.in,Vadodara,Padra,GJ-CENTRAL-01,750000,English,Active
DLR-REG-2331,Navjivan Krushi Kendra (Jetpur),Ramesh Chauhan,+91 99703 66503,dealer_2331@agrosphere.ai,Rajkot,Jetpur,GJ-SAURASHTRA-01,200000,Gujarati,Active
DLR-REG-2332,Kisan Sahay Krushi Kendra (Jasdan),Bharat Pandya,+91 98075 87458,dealer_2332@gmail.com,Rajkot,Jasdan,GJ-SAURASHTRA-01,200000,Gujarati,Active
DLR-REG-2333,Green Earth Krushi Kendra (Hansot),Pravin Zala,+91 97447 82521,dealer_2333@kisanagro.in,Bharuch,Hansot,GJ-SOUTH-02,500000,Hindi,Active
DLR-REG-2334,Vrundavan Krushi Kendra (Umreth),Kishor Panchal,+91 97665 59976,dealer_2334@kisanagro.in,Anand,Umreth,GJ-CENTRAL-02,350000,Gujarati,Active
DLR-REG-2335,Patel Agro Krushi Kendra (Jasdan),Mukesh Sharma,+91 99223 48774,dealer_2335@kisanagro.in,Rajkot,Jasdan,GJ-SAURASHTRA-01,1000000,English,Active
DLR-REG-2336,Krushi Vikas Krushi Kendra (Jasdan),Kishor Donga,+91 99674 89691,dealer_2336@gmail.com,Rajkot,Jasdan,GJ-SAURASHTRA-01,200000,Gujarati,Active
DLR-REG-2337,Patel Agro Krushi Kendra (Olpad),Ramesh Parmar,+91 98817 70650,dealer_2337@gmail.com,Surat,Olpad,GJ-SOUTH-01,750000,Gujarati,Active
DLR-REG-2338,Krushi Vikas Krushi Kendra (Petlad),Mukesh Desai,+91 98673 17678,dealer_2338@agrosphere.ai,Anand,Petlad,GJ-CENTRAL-02,200000,Gujarati,Active
DLR-REG-2339,Agro Care Krushi Kendra (Olpad),Ramesh Desai,+91 98056 46194,dealer_2339@kisanagro.in,Surat,Olpad,GJ-SOUTH-01,750000,Gujarati,Active
DLR-REG-2340,Shree Ram Krushi Kendra (Manavadar),Pravin Parmar,+91 97953 25000,dealer_2340@agrosphere.ai,Junagadh,Manavadar,GJ-SAURASHTRA-02,200000,Gujarati,Active
DLR-REG-2341,Vrundavan Krushi Kendra (Hansot),Pravin Verma,+91 99266 39878,dealer_2341@gmail.com,Bharuch,Hansot,GJ-SOUTH-02,500000,Gujarati,Active
DLR-REG-2342,Bharat Krushi Krushi Kendra (Jasdan),Pravin Panchal,+91 99459 40762,dealer_2342@kisanagro.in,Rajkot,Jasdan,GJ-SAURASHTRA-01,200000,Gujarati,Active
DLR-REG-2343,Agro Care Krushi Kendra (Mahuva),Hasmukh Shah,+91 97970 36744,dealer_2343@kisanagro.in,Surat,Mahuva,GJ-SOUTH-01,1000000,Gujarati,Active
DLR-REG-2344,Agro Care Krushi Kendra (Vijapur),Haresh Gohil,+91 98159 28753,dealer_2344@gmail.com,Mehsana,Vijapur,GJ-NORTH-01,500000,Hindi,Active
DLR-REG-2345,Krushi Vikas Krushi Kendra (Unjha),Bharat Chauhan,+91 98927 48543,dealer_2345@agrosphere.ai,Mehsana,Unjha,GJ-NORTH-01,200000,Gujarati,Active
DLR-REG-2346,Patel Agro Krushi Kendra (Padra),Pravin Gajera,+91 97435 89827,dealer_2346@gmail.com,Vadodara,Padra,GJ-CENTRAL-01,500000,Hindi,Active
DLR-REG-2347,Navjivan Krushi Kendra (Amod),Pravin Chauhan,+91 99691 29670,dealer_2347@kisanagro.in,Bharuch,Amod,GJ-SOUTH-02,200000,Gujarati,Active
DLR-REG-2348,Bharat Krushi Krushi Kendra (Una),Hasmukh Panchal,+91 99161 16741,dealer_2348@agrosphere.ai,Junagadh,Una,GJ-SAURASHTRA-02,750000,Hindi,Active
DLR-REG-2349,Krushi Vikas Krushi Kendra (Mahuva),Mukesh Donga,+91 99356 48412,dealer_2349@gmail.com,Surat,Mahuva,GJ-SOUTH-01,500000,Gujarati,Active
DLR-REG-2350,Navjivan Krushi Kendra (Unjha),Bharat Desai,+91 97472 41594,dealer_2350@kisanagro.in,Mehsana,Unjha,GJ-NORTH-01,750000,Gujarati,Active
DLR-REG-2351,Bharat Krushi Krushi Kendra (Jasdan),Hasmukh Shah,+91 98483 95633,dealer_2351@kisanagro.in,Rajkot,Jasdan,GJ-SAURASHTRA-01,1000000,Gujarati,Active
DLR-REG-2352,Navjivan Krushi Kendra (Umreth),Ramesh Pandya,+91 99202 42105,dealer_2352@kisanagro.in,Anand,Umreth,GJ-CENTRAL-02,1000000,Gujarati,Active
DLR-REG-2353,Patel Agro Krushi Kendra (Olpad),Bharat Verma,+91 97483 20683,dealer_2353@kisanagro.in,Surat,Olpad,GJ-SOUTH-01,750000,Hindi,Active
DLR-REG-2354,Navjivan Krushi Kendra (Una),Dinesh Gajera,+91 97063 31859,dealer_2354@gmail.com,Junagadh,Una,GJ-SAURASHTRA-02,750000,Gujarati,Active
DLR-REG-2355,Agro Care Krushi Kendra (Vijapur),Pravin Gajera,+91 98767 13136,dealer_2355@agrosphere.ai,Mehsana,Vijapur,GJ-NORTH-01,350000,Gujarati,Active
DLR-REG-2356,Green Earth Krushi Kendra (Una),Ramesh Verma,+91 98647 82999,dealer_2356@gmail.com,Junagadh,Una,GJ-SAURASHTRA-02,500000,Gujarati,Active
DLR-REG-2357,Vrundavan Krushi Kendra (Savli),Hasmukh Pandya,+91 99958 15929,dealer_2357@gmail.com,Vadodara,Savli,GJ-CENTRAL-01,500000,English,Active
DLR-REG-2358,Green Earth Krushi Kendra (Umreth),Dinesh Donga,+91 99867 27643,dealer_2358@agrosphere.ai,Anand,Umreth,GJ-CENTRAL-02,350000,Hindi,Active
DLR-REG-2359,Shree Ram Krushi Kendra (Kadi),Bharat Patel,+91 99760 95118,dealer_2359@kisanagro.in,Mehsana,Kadi,GJ-NORTH-01,750000,Gujarati,Active
DLR-REG-2360,Bharat Krushi Krushi Kendra (Borsad),Kishor Panchal,+91 97396 40443,dealer_2360@kisanagro.in,Anand,Borsad,GJ-CENTRAL-02,750000,Gujarati,Active
DLR-REG-2361,Patel Agro Krushi Kendra (Dhoraji),Haresh Verma,+91 98304 33385,dealer_2361@gmail.com,Rajkot,Dhoraji,GJ-SAURASHTRA-01,200000,Gujarati,Active
DLR-REG-2362,Patel Agro Krushi Kendra (Tarapur),Bharat Pandya,+91 97407 55527,dealer_2362@kisanagro.in,Anand,Tarapur,GJ-CENTRAL-02,350000,Gujarati,Active
DLR-REG-2363,Kisan Seva Krushi Kendra (Savli),Mukesh Desai,+91 97693 47811,dealer_2363@kisanagro.in,Vadodara,Savli,GJ-CENTRAL-01,1000000,Gujarati,Active
DLR-REG-2364,Shree Ram Krushi Kendra (Visavadar),Mukesh Sharma,+91 99261 76676,dealer_2364@gmail.com,Junagadh,Visavadar,GJ-SAURASHTRA-02,200000,Hindi,Active
DLR-REG-2365,Kisan Sahay Krushi Kendra (Jetpur),Pravin Desai,+91 98513 36626,dealer_2365@kisanagro.in,Rajkot,Jetpur,GJ-SAURASHTRA-01,1000000,English,Active
DLR-REG-2366,Bharat Krushi Krushi Kendra (Hansot),Dinesh Gajera,+91 98208 24367,dealer_2366@agrosphere.ai,Bharuch,Hansot,GJ-SOUTH-02,200000,English,Active
DLR-REG-2367,Patel Agro Krushi Kendra (Umreth),Ramesh Sharma,+91 98140 97649,dealer_2367@gmail.com,Anand,Umreth,GJ-CENTRAL-02,500000,Gujarati,Active
DLR-REG-2368,Agro Care Krushi Kendra (Jambusar),Ramesh Verma,+91 99076 53953,dealer_2368@kisanagro.in,Bharuch,Jambusar,GJ-SOUTH-02,750000,Hindi,Active
DLR-REG-2369,Krushi Vikas Krushi Kendra (Ankleshwar),Haresh Patel,+91 97411 78327,dealer_2369@kisanagro.in,Bharuch,Ankleshwar,GJ-SOUTH-02,350000,Hindi,Active
DLR-REG-2370,Kisan Sahay Krushi Kendra (Ankleshwar),Ramesh Savaliya,+91 99401 59310,dealer_2370@gmail.com,Bharuch,Ankleshwar,GJ-SOUTH-02,350000,Gujarati,Active
DLR-REG-2371,Kisan Seva Krushi Kendra (Borsad),Ramesh Parmar,+91 99034 47040,dealer_2371@gmail.com,Anand,Borsad,GJ-CENTRAL-02,350000,Gujarati,Active
DLR-REG-2372,Kisan Sahay Krushi Kendra (Mandvi),Hasmukh Chauhan,+91 99009 83103,dealer_2372@agrosphere.ai,Surat,Mandvi,GJ-SOUTH-01,350000,Gujarati,Active
DLR-REG-2373,Patel Agro Krushi Kendra (Dhoraji),Haresh Pandya,+91 99584 86532,dealer_2373@gmail.com,Rajkot,Dhoraji,GJ-SAURASHTRA-01,500000,English,Active
DLR-REG-2374,Patel Agro Krushi Kendra (Mandvi),Mukesh Parmar,+91 98196 97552,dealer_2374@kisanagro.in,Surat,Mandvi,GJ-SOUTH-01,750000,English,Active
DLR-REG-2375,Bharat Krushi Krushi Kendra (Olpad),Kishor Desai,+91 97395 38695,dealer_2375@gmail.com,Surat,Olpad,GJ-SOUTH-01,500000,English,Active
DLR-REG-2376,Navjivan Krushi Kendra (Khambhat),Haresh Gohil,+91 97474 33094,dealer_2376@kisanagro.in,Anand,Khambhat,GJ-CENTRAL-02,500000,Gujarati,Active
DLR-REG-2377,Shree Ram Krushi Kendra (Dabhoi),Dinesh Zala,+91 99003 88781,dealer_2377@kisanagro.in,Vadodara,Dabhoi,GJ-CENTRAL-01,350000,Gujarati,Active
DLR-REG-2378,Bharat Krushi Krushi Kendra (Savli),Haresh Savaliya,+91 97249 83696,dealer_2378@kisanagro.in,Vadodara,Savli,GJ-CENTRAL-01,500000,Gujarati,Active
DLR-REG-2379,Kisan Seva Krushi Kendra (Umreth),Haresh Chauhan,+91 98067 17160,dealer_2379@kisanagro.in,Anand,Umreth,GJ-CENTRAL-02,750000,Gujarati,Active
DLR-REG-2380,Patel Agro Krushi Kendra (Padra),Haresh Desai,+91 97906 85039,dealer_2380@gmail.com,Vadodara,Padra,GJ-CENTRAL-01,1000000,Gujarati,Active
DLR-REG-2381,Vrundavan Krushi Kendra (Kadi),Bharat Pandya,+91 97529 89293,dealer_2381@agrosphere.ai,Mehsana,Kadi,GJ-NORTH-01,200000,Gujarati,Active
DLR-REG-2382,Agro Care Krushi Kendra (Vijapur),Bharat Zala,+91 98444 82468,dealer_2382@gmail.com,Mehsana,Vijapur,GJ-NORTH-01,200000,Hindi,Active
DLR-REG-2383,Bharat Krushi Krushi Kendra (Visavadar),Ramesh Savaliya,+91 99194 61842,dealer_2383@agrosphere.ai,Junagadh,Visavadar,GJ-SAURASHTRA-02,350000,Gujarati,Active
DLR-REG-2384,Krushi Vikas Krushi Kendra (Visnagar),Haresh Verma,+91 97883 82476,dealer_2384@agrosphere.ai,Mehsana,Visnagar,GJ-NORTH-01,350000,Gujarati,Active
DLR-REG-2385,Bharat Krushi Krushi Kendra (Gondal),Haresh Sharma,+91 98986 15542,dealer_2385@gmail.com,Rajkot,Gondal,GJ-SAURASHTRA-01,500000,Gujarati,Active
DLR-REG-2386,Navjivan Krushi Kendra (Jetpur),Kishor Patel,+91 97506 59526,dealer_2386@agrosphere.ai,Rajkot,Jetpur,GJ-SAURASHTRA-01,750000,Gujarati,Active
DLR-REG-2387,Agro Care Krushi Kendra (Unjha),Hasmukh Sharma,+91 99066 64444,dealer_2387@gmail.com,Mehsana,Unjha,GJ-NORTH-01,200000,Hindi,Active
DLR-REG-2388,Agro Care Krushi Kendra (Mandvi),Haresh Panchal,+91 97795 89389,dealer_2388@kisanagro.in,Surat,Mandvi,GJ-SOUTH-01,500000,English,Active
DLR-REG-2389,Patel Agro Krushi Kendra (Bardoli),Dinesh Donga,+91 97830 23065,dealer_2389@kisanagro.in,Surat,Bardoli,GJ-SOUTH-01,1000000,English,Active
DLR-REG-2390,Green Earth Krushi Kendra (Khambhat),Mukesh Sharma,+91 98664 83530,dealer_2390@kisanagro.in,Anand,Khambhat,GJ-CENTRAL-02,750000,Gujarati,Active
DLR-REG-2391,Green Earth Krushi Kendra (Jambusar),Dinesh Patel,+91 99980 61595,dealer_2391@kisanagro.in,Bharuch,Jambusar,GJ-SOUTH-02,1000000,Gujarati,Active
DLR-REG-2392,Vrundavan Krushi Kendra (Borsad),Haresh Patel,+91 97950 68600,dealer_2392@kisanagro.in,Anand,Borsad,GJ-CENTRAL-02,750000,Hindi,Active
DLR-REG-2393,Krushi Vikas Krushi Kendra (Jasdan),Hasmukh Gajera,+91 97390 83516,dealer_2393@gmail.com,Rajkot,Jasdan,GJ-SAURASHTRA-01,350000,English,Active
DLR-REG-2394,Agro Care Krushi Kendra (Mandvi),Haresh Gajera,+91 99525 72064,dealer_2394@agrosphere.ai,Surat,Mandvi,GJ-SOUTH-01,1000000,Gujarati,Active
DLR-REG-2395,Patel Agro Krushi Kendra (Dhoraji),Kishor Chauhan,+91 98383 29741,dealer_2395@gmail.com,Rajkot,Dhoraji,GJ-SAURASHTRA-01,500000,Hindi,Active
DLR-REG-2396,Kisan Sahay Krushi Kendra (Mahuva),Mukesh Donga,+91 99303 74058,dealer_2396@agrosphere.ai,Surat,Mahuva,GJ-SOUTH-01,750000,Gujarati,Active
DLR-REG-2397,Krushi Vikas Krushi Kendra (Jambusar),Dinesh Desai,+91 99107 82719,dealer_2397@agrosphere.ai,Bharuch,Jambusar,GJ-SOUTH-02,200000,Gujarati,Active
DLR-REG-2398,Green Earth Krushi Kendra (Petlad),Pravin Gajera,+91 97663 78149,dealer_2398@agrosphere.ai,Anand,Petlad,GJ-CENTRAL-02,200000,Gujarati,Active
DLR-REG-2399,Agro Care Krushi Kendra (Una),Haresh Patel,+91 99028 32376,dealer_2399@agrosphere.ai,Junagadh,Una,GJ-SAURASHTRA-02,1000000,English,Active
DLR-REG-2400,Green Earth Krushi Kendra (Una),Kishor Patel,+91 97481 67079,dealer_2400@kisanagro.in,Junagadh,Una,GJ-SAURASHTRA-02,500000,Hindi,Active
DLR-REG-2401,Krushi Vikas Krushi Kendra (Waghodia),Ramesh Pandya,+91 97579 48036,dealer_2401@agrosphere.ai,Vadodara,Waghodia,GJ-CENTRAL-01,350000,Hindi,Active
DLR-REG-2402,Bharat Krushi Krushi Kendra (Amod),Kishor Pandya,+91 98933 70670,dealer_2402@gmail.com,Bharuch,Amod,GJ-SOUTH-02,500000,Gujarati,Active
DLR-REG-2403,Kisan Sahay Krushi Kendra (Una),Haresh Verma,+91 97734 29706,dealer_2403@kisanagro.in,Junagadh,Una,GJ-SAURASHTRA-02,200000,Gujarati,Active
DLR-REG-2404,Navjivan Krushi Kendra (Karjan),Hasmukh Panchal,+91 99202 70108,dealer_2404@kisanagro.in,Vadodara,Karjan,GJ-CENTRAL-01,200000,Gujarati,Active
DLR-REG-2405,Vrundavan Krushi Kendra (Mahuva),Hasmukh Gajera,+91 98435 93406,dealer_2405@agrosphere.ai,Surat,Mahuva,GJ-SOUTH-01,350000,Gujarati,Active
DLR-REG-2406,Navjivan Krushi Kendra (Ankleshwar),Kishor Donga,+91 98745 86607,dealer_2406@agrosphere.ai,Bharuch,Ankleshwar,GJ-SOUTH-02,500000,Gujarati,Active
DLR-REG-2407,Patel Agro Krushi Kendra (Mahuva),Mukesh Shah,+91 97317 87678,dealer_2407@gmail.com,Surat,Mahuva,GJ-SOUTH-01,200000,Gujarati,Active
DLR-REG-2408,Patel Agro Krushi Kendra (Karjan),Hasmukh Pandya,+91 97518 78461,dealer_2408@agrosphere.ai,Vadodara,Karjan,GJ-CENTRAL-01,750000,Gujarati,Active
DLR-REG-2409,Vrundavan Krushi Kendra (Olpad),Dinesh Gohil,+91 97857 32033,dealer_2409@gmail.com,Surat,Olpad,GJ-SOUTH-01,350000,Gujarati,Active
DLR-REG-2410,Shree Ram Krushi Kendra (Jetpur),Dinesh Gajera,+91 97001 52380,dealer_2410@gmail.com,Rajkot,Jetpur,GJ-SAURASHTRA-01,200000,Gujarati,Active
DLR-REG-2411,Green Earth Krushi Kendra (Mahuva),Dinesh Gohil,+91 98339 49656,dealer_2411@agrosphere.ai,Surat,Mahuva,GJ-SOUTH-01,200000,Gujarati,Active
DLR-REG-2412,Green Earth Krushi Kendra (Mahuva),Haresh Zala,+91 99892 72190,dealer_2412@kisanagro.in,Surat,Mahuva,GJ-SOUTH-01,500000,Hindi,Active
DLR-REG-2413,Agro Care Krushi Kendra (Waghodia),Mukesh Pandya,+91 97680 93069,dealer_2413@kisanagro.in,Vadodara,Waghodia,GJ-CENTRAL-01,350000,English,Active
DLR-REG-2414,Kisan Seva Krushi Kendra (Mahuva),Kishor Panchal,+91 99807 25760,dealer_2414@agrosphere.ai,Surat,Mahuva,GJ-SOUTH-01,750000,Gujarati,Active
DLR-REG-2415,Krushi Vikas Krushi Kendra (Keshod),Dinesh Parmar,+91 99744 55349,dealer_2415@agrosphere.ai,Junagadh,Keshod,GJ-SAURASHTRA-02,750000,Gujarati,Active
DLR-REG-2416,Green Earth Krushi Kendra (Mandvi),Ramesh Verma,+91 97043 35668,dealer_2416@kisanagro.in,Surat,Mandvi,GJ-SOUTH-01,500000,Hindi,Active
DLR-REG-2417,Vrundavan Krushi Kendra (Keshod),Bharat Donga,+91 97385 58348,dealer_2417@kisanagro.in,Junagadh,Keshod,GJ-SAURASHTRA-02,1000000,Gujarati,Active
DLR-REG-2418,Kisan Sahay Krushi Kendra (Olpad),Kishor Gohil,+91 99628 72748,dealer_2418@kisanagro.in,Surat,Olpad,GJ-SOUTH-01,200000,Gujarati,Active
DLR-REG-2419,Vrundavan Krushi Kendra (Padra),Pravin Parmar,+91 99941 71709,dealer_2419@agrosphere.ai,Vadodara,Padra,GJ-CENTRAL-01,750000,English,Active
DLR-REG-2420,Bharat Krushi Krushi Kendra (Una),Hasmukh Zala,+91 97156 58435,dealer_2420@gmail.com,Junagadh,Una,GJ-SAURASHTRA-02,1000000,Gujarati,Active
DLR-REG-2421,Shree Ram Krushi Kendra (Jambusar),Haresh Sharma,+91 97489 17346,dealer_2421@kisanagro.in,Bharuch,Jambusar,GJ-SOUTH-02,200000,Gujarati,Active
DLR-REG-2422,Navjivan Krushi Kendra (Jasdan),Pravin Gohil,+91 98362 98079,dealer_2422@kisanagro.in,Rajkot,Jasdan,GJ-SAURASHTRA-01,350000,Hindi,Active
DLR-REG-2423,Bharat Krushi Krushi Kendra (Amod),Haresh Patel,+91 98705 97519,dealer_2423@agrosphere.ai,Bharuch,Amod,GJ-SOUTH-02,200000,Gujarati,Active
DLR-REG-2424,Patel Agro Krushi Kendra (Manavadar),Ramesh Sharma,+91 98816 15833,dealer_2424@kisanagro.in,Junagadh,Manavadar,GJ-SAURASHTRA-02,1000000,Gujarati,Active
DLR-REG-2425,Shree Ram Krushi Kendra (Hansot),Pravin Gohil,+91 98274 45882,dealer_2425@agrosphere.ai,Bharuch,Hansot,GJ-SOUTH-02,500000,Gujarati,Active
DLR-REG-2426,Vrundavan Krushi Kendra (Dabhoi),Hasmukh Parmar,+91 99319 70687,dealer_2426@gmail.com,Vadodara,Dabhoi,GJ-CENTRAL-01,200000,Gujarati,Active
DLR-REG-2427,Shree Ram Krushi Kendra (Keshod),Pravin Verma,+91 97693 11368,dealer_2427@gmail.com,Junagadh,Keshod,GJ-SAURASHTRA-02,500000,English,Active
DLR-REG-2428,Patel Agro Krushi Kendra (Jetpur),Mukesh Parmar,+91 97543 50696,dealer_2428@gmail.com,Rajkot,Jetpur,GJ-SAURASHTRA-01,750000,Gujarati,Active
DLR-REG-2429,Shree Ram Krushi Kendra (Visavadar),Bharat Pandya,+91 98695 39617,dealer_2429@gmail.com,Junagadh,Visavadar,GJ-SAURASHTRA-02,500000,Gujarati,Active
DLR-REG-2430,Patel Agro Krushi Kendra (Visavadar),Dinesh Panchal,+91 98083 22112,dealer_2430@kisanagro.in,Junagadh,Visavadar,GJ-SAURASHTRA-02,500000,Hindi,Active
DLR-REG-2431,Bharat Krushi Krushi Kendra (Savli),Ramesh Desai,+91 97150 86706,dealer_2431@kisanagro.in,Vadodara,Savli,GJ-CENTRAL-01,350000,Hindi,Active
DLR-REG-2432,Green Earth Krushi Kendra (Mandvi),Kishor Verma,+91 97849 54850,dealer_2432@agrosphere.ai,Surat,Mandvi,GJ-SOUTH-01,1000000,Hindi,Active
DLR-REG-2433,Agro Care Krushi Kendra (Unjha),Mukesh Shah,+91 98057 38607,dealer_2433@kisanagro.in,Mehsana,Unjha,GJ-NORTH-01,500000,Gujarati,Active
DLR-REG-2434,Kisan Seva Krushi Kendra (Jetpur),Dinesh Gajera,+91 99403 52335,dealer_2434@kisanagro.in,Rajkot,Jetpur,GJ-SAURASHTRA-01,1000000,English,Active
DLR-REG-2435,Krushi Vikas Krushi Kendra (Ankleshwar),Hasmukh Panchal,+91 99578 57039,dealer_2435@gmail.com,Bharuch,Ankleshwar,GJ-SOUTH-02,350000,English,Active
DLR-REG-2436,Krushi Vikas Krushi Kendra (Khambhat),Hasmukh Gohil,+91 97766 56924,dealer_2436@kisanagro.in,Anand,Khambhat,GJ-CENTRAL-02,350000,English,Active
DLR-REG-2437,Kisan Sahay Krushi Kendra (Mandvi),Dinesh Desai,+91 99431 85492,dealer_2437@agrosphere.ai,Surat,Mandvi,GJ-SOUTH-01,750000,English,Active
DLR-REG-2438,Patel Agro Krushi Kendra (Borsad),Bharat Panchal,+91 99461 54286,dealer_2438@kisanagro.in,Anand,Borsad,GJ-CENTRAL-02,750000,Gujarati,Active
DLR-REG-2439,Bharat Krushi Krushi Kendra (Jetpur),Haresh Sharma,+91 98744 45305,dealer_2439@agrosphere.ai,Rajkot,Jetpur,GJ-SAURASHTRA-01,750000,Hindi,Active
DLR-REG-2440,Bharat Krushi Krushi Kendra (Jetpur),Kishor Gajera,+91 99444 78692,dealer_2440@gmail.com,Rajkot,Jetpur,GJ-SAURASHTRA-01,1000000,Gujarati,Active
DLR-REG-2441,Kisan Sahay Krushi Kendra (Visavadar),Kishor Sharma,+91 97579 55364,dealer_2441@kisanagro.in,Junagadh,Visavadar,GJ-SAURASHTRA-02,750000,Gujarati,Active
DLR-REG-2442,Shree Ram Krushi Kendra (Petlad),Ramesh Savaliya,+91 98234 50308,dealer_2442@gmail.com,Anand,Petlad,GJ-CENTRAL-02,350000,Gujarati,Active
DLR-REG-2443,Green Earth Krushi Kendra (Visnagar),Mukesh Sharma,+91 97631 99746,dealer_2443@agrosphere.ai,Mehsana,Visnagar,GJ-NORTH-01,500000,Gujarati,Active
DLR-REG-2444,Krushi Vikas Krushi Kendra (Borsad),Dinesh Sharma,+91 99252 61648,dealer_2444@agrosphere.ai,Anand,Borsad,GJ-CENTRAL-02,350000,English,Active
DLR-REG-2445,Kisan Seva Krushi Kendra (Hansot),Mukesh Panchal,+91 97392 60800,dealer_2445@gmail.com,Bharuch,Hansot,GJ-SOUTH-02,500000,Gujarati,Active
DLR-REG-2446,Patel Agro Krushi Kendra (Khambhat),Haresh Parmar,+91 99445 61622,dealer_2446@agrosphere.ai,Anand,Khambhat,GJ-CENTRAL-02,200000,Gujarati,Active
DLR-REG-2447,Kisan Sahay Krushi Kendra (Tarapur),Ramesh Savaliya,+91 97963 58382,dealer_2447@kisanagro.in,Anand,Tarapur,GJ-CENTRAL-02,500000,Hindi,Active
DLR-REG-2448,Vrundavan Krushi Kendra (Kadi),Haresh Pandya,+91 97316 94617,dealer_2448@gmail.com,Mehsana,Kadi,GJ-NORTH-01,350000,English,Active
DLR-REG-2449,Navjivan Krushi Kendra (Keshod),Haresh Donga,+91 97380 54510,dealer_2449@kisanagro.in,Junagadh,Keshod,GJ-SAURASHTRA-02,350000,English,Active
DLR-REG-2450,Patel Agro Krushi Kendra (Visavadar),Dinesh Chauhan,+91 97142 44212,dealer_2450@kisanagro.in,Junagadh,Visavadar,GJ-SAURASHTRA-02,350000,Gujarati,Active
DLR-REG-2451,Agro Care Krushi Kendra (Tarapur),Hasmukh Desai,+91 98418 99923,dealer_2451@agrosphere.ai,Anand,Tarapur,GJ-CENTRAL-02,200000,English,Active
DLR-REG-2452,Shree Ram Krushi Kendra (Kadi),Ramesh Verma,+91 99353 76449,dealer_2452@kisanagro.in,Mehsana,Kadi,GJ-NORTH-01,750000,Gujarati,Active
DLR-REG-2453,Green Earth Krushi Kendra (Umreth),Pravin Zala,+91 98240 65703,dealer_2453@kisanagro.in,Anand,Umreth,GJ-CENTRAL-02,200000,Hindi,Active
DLR-REG-2454,Bharat Krushi Krushi Kendra (Vijapur),Dinesh Verma,+91 99916 53917,dealer_2454@agrosphere.ai,Mehsana,Vijapur,GJ-NORTH-01,500000,Gujarati,Active
DLR-REG-2455,Green Earth Krushi Kendra (Visnagar),Haresh Shah,+91 99763 20486,dealer_2455@gmail.com,Mehsana,Visnagar,GJ-NORTH-01,200000,Gujarati,Active
DLR-REG-2456,Navjivan Krushi Kendra (Amod),Dinesh Shah,+91 98781 16362,dealer_2456@kisanagro.in,Bharuch,Amod,GJ-SOUTH-02,500000,Gujarati,Active
DLR-REG-2457,Kisan Seva Krushi Kendra (Dhoraji),Pravin Verma,+91 99454 99966,dealer_2457@kisanagro.in,Rajkot,Dhoraji,GJ-SAURASHTRA-01,500000,English,Active
DLR-REG-2458,Kisan Sahay Krushi Kendra (Savli),Kishor Shah,+91 97732 48435,dealer_2458@kisanagro.in,Vadodara,Savli,GJ-CENTRAL-01,750000,Gujarati,Active
DLR-REG-2459,Patel Agro Krushi Kendra (Khambhat),Pravin Gohil,+91 99440 24638,dealer_2459@kisanagro.in,Anand,Khambhat,GJ-CENTRAL-02,200000,Hindi,Active
DLR-REG-2460,Navjivan Krushi Kendra (Hansot),Hasmukh Gajera,+91 99191 22395,dealer_2460@gmail.com,Bharuch,Hansot,GJ-SOUTH-02,350000,English,Active
DLR-REG-2461,Krushi Vikas Krushi Kendra (Khambhat),Mukesh Desai,+91 99144 84588,dealer_2461@kisanagro.in,Anand,Khambhat,GJ-CENTRAL-02,200000,Gujarati,Active
DLR-REG-2462,Kisan Sahay Krushi Kendra (Savli),Hasmukh Gajera,+91 98564 77191,dealer_2462@agrosphere.ai,Vadodara,Savli,GJ-CENTRAL-01,200000,Gujarati,Active
DLR-REG-2463,Green Earth Krushi Kendra (Amod),Pravin Chauhan,+91 97753 43666,dealer_2463@agrosphere.ai,Bharuch,Amod,GJ-SOUTH-02,200000,English,Active
DLR-REG-2464,Vrundavan Krushi Kendra (Jetpur),Kishor Donga,+91 99521 77376,dealer_2464@agrosphere.ai,Rajkot,Jetpur,GJ-SAURASHTRA-01,350000,Gujarati,Active
DLR-REG-2465,Kisan Seva Krushi Kendra (Waghodia),Haresh Savaliya,+91 98125 34341,dealer_2465@kisanagro.in,Vadodara,Waghodia,GJ-CENTRAL-01,1000000,Gujarati,Active
DLR-REG-2466,Shree Ram Krushi Kendra (Mahuva),Kishor Gohil,+91 98116 10662,dealer_2466@kisanagro.in,Surat,Mahuva,GJ-SOUTH-01,350000,Gujarati,Active
DLR-REG-2467,Shree Ram Krushi Kendra (Vijapur),Kishor Donga,+91 98894 88522,dealer_2467@agrosphere.ai,Mehsana,Vijapur,GJ-NORTH-01,500000,Gujarati,Active
DLR-REG-2468,Kisan Sahay Krushi Kendra (Manavadar),Bharat Panchal,+91 97905 18352,dealer_2468@agrosphere.ai,Junagadh,Manavadar,GJ-SAURASHTRA-02,500000,Hindi,Active
DLR-REG-2469,Vrundavan Krushi Kendra (Vijapur),Bharat Chauhan,+91 99217 60992,dealer_2469@kisanagro.in,Mehsana,Vijapur,GJ-NORTH-01,1000000,Gujarati,Active
DLR-REG-2470,Krushi Vikas Krushi Kendra (Savli),Dinesh Verma,+91 97621 70548,dealer_2470@agrosphere.ai,Vadodara,Savli,GJ-CENTRAL-01,750000,Gujarati,Active
DLR-REG-2471,Green Earth Krushi Kendra (Mandvi),Haresh Donga,+91 97132 96599,dealer_2471@agrosphere.ai,Surat,Mandvi,GJ-SOUTH-01,200000,English,Active
DLR-REG-2472,Agro Care Krushi Kendra (Olpad),Bharat Savaliya,+91 98245 48249,dealer_2472@kisanagro.in,Surat,Olpad,GJ-SOUTH-01,750000,English,Active
DLR-REG-2473,Vrundavan Krushi Kendra (Jetpur),Ramesh Pandya,+91 99556 56088,dealer_2473@agrosphere.ai,Rajkot,Jetpur,GJ-SAURASHTRA-01,750000,English,Active
DLR-REG-2474,Patel Agro Krushi Kendra (Kadi),Dinesh Shah,+91 97961 59189,dealer_2474@agrosphere.ai,Mehsana,Kadi,GJ-NORTH-01,350000,English,Active
DLR-REG-2475,Agro Care Krushi Kendra (Bardoli),Mukesh Chauhan,+91 97865 24500,dealer_2475@agrosphere.ai,Surat,Bardoli,GJ-SOUTH-01,500000,Gujarati,Active
DLR-REG-2476,Green Earth Krushi Kendra (Visnagar),Haresh Shah,+91 98441 38541,dealer_2476@kisanagro.in,Mehsana,Visnagar,GJ-NORTH-01,1000000,Gujarati,Active
DLR-REG-2477,Agro Care Krushi Kendra (Savli),Bharat Gohil,+91 99057 80205,dealer_2477@agrosphere.ai,Vadodara,Savli,GJ-CENTRAL-01,750000,Gujarati,Active
DLR-REG-2478,Kisan Seva Krushi Kendra (Vijapur),Dinesh Zala,+91 98172 68911,dealer_2478@gmail.com,Mehsana,Vijapur,GJ-NORTH-01,350000,English,Active
DLR-REG-2479,Bharat Krushi Krushi Kendra (Padra),Bharat Parmar,+91 98900 96008,dealer_2479@gmail.com,Vadodara,Padra,GJ-CENTRAL-01,200000,English,Active
DLR-REG-2480,Green Earth Krushi Kendra (Mahuva),Mukesh Chauhan,+91 99606 13806,dealer_2480@agrosphere.ai,Surat,Mahuva,GJ-SOUTH-01,350000,Gujarati,Active
DLR-REG-2481,Vrundavan Krushi Kendra (Bardoli),Haresh Pandya,+91 97093 52601,dealer_2481@agrosphere.ai,Surat,Bardoli,GJ-SOUTH-01,350000,Gujarati,Active
DLR-REG-2482,Agro Care Krushi Kendra (Mahuva),Pravin Verma,+91 99463 95736,dealer_2482@kisanagro.in,Surat,Mahuva,GJ-SOUTH-01,1000000,Hindi,Active
DLR-REG-2483,Shree Ram Krushi Kendra (Visnagar),Bharat Desai,+91 99961 41367,dealer_2483@gmail.com,Mehsana,Visnagar,GJ-NORTH-01,750000,Gujarati,Active
DLR-REG-2484,Patel Agro Krushi Kendra (Karjan),Pravin Sharma,+91 97847 85707,dealer_2484@kisanagro.in,Vadodara,Karjan,GJ-CENTRAL-01,750000,Gujarati,Active
DLR-REG-2485,Navjivan Krushi Kendra (Hansot),Ramesh Zala,+91 98889 75564,dealer_2485@agrosphere.ai,Bharuch,Hansot,GJ-SOUTH-02,200000,Hindi,Active
DLR-REG-2486,Shree Ram Krushi Kendra (Unjha),Dinesh Savaliya,+91 99957 19154,dealer_2486@gmail.com,Mehsana,Unjha,GJ-NORTH-01,200000,English,Active
DLR-REG-2487,Green Earth Krushi Kendra (Vijapur),Haresh Sharma,+91 98065 80430,dealer_2487@gmail.com,Mehsana,Vijapur,GJ-NORTH-01,1000000,Hindi,Active
DLR-REG-2488,Kisan Seva Krushi Kendra (Ankleshwar),Pravin Desai,+91 98199 62218,dealer_2488@agrosphere.ai,Bharuch,Ankleshwar,GJ-SOUTH-02,200000,Gujarati,Active
DLR-REG-2489,Kisan Seva Krushi Kendra (Tarapur),Hasmukh Chauhan,+91 97424 29134,dealer_2489@kisanagro.in,Anand,Tarapur,GJ-CENTRAL-02,1000000,Gujarati,Active
DLR-REG-2490,Krushi Vikas Krushi Kendra (Jambusar),Bharat Chauhan,+91 97581 41859,dealer_2490@kisanagro.in,Bharuch,Jambusar,GJ-SOUTH-02,350000,Gujarati,Active
DLR-REG-2491,Agro Care Krushi Kendra (Jasdan),Dinesh Desai,+91 98002 44078,dealer_2491@kisanagro.in,Rajkot,Jasdan,GJ-SAURASHTRA-01,500000,English,Active
DLR-REG-2492,Patel Agro Krushi Kendra (Dabhoi),Kishor Pandya,+91 99434 14685,dealer_2492@gmail.com,Vadodara,Dabhoi,GJ-CENTRAL-01,350000,Hindi,Active
DLR-REG-2493,Navjivan Krushi Kendra (Padra),Bharat Verma,+91 99923 48170,dealer_2493@kisanagro.in,Vadodara,Padra,GJ-CENTRAL-01,350000,Hindi,Active
DLR-REG-2494,Kisan Seva Krushi Kendra (Amod),Dinesh Panchal,+91 99757 48650,dealer_2494@gmail.com,Bharuch,Amod,GJ-SOUTH-02,350000,Gujarati,Active
DLR-REG-2495,Green Earth Krushi Kendra (Olpad),Mukesh Donga,+91 97114 37742,dealer_2495@agrosphere.ai,Surat,Olpad,GJ-SOUTH-01,500000,Gujarati,Active
DLR-REG-2496,Patel Agro Krushi Kendra (Bardoli),Haresh Verma,+91 98953 91062,dealer_2496@gmail.com,Surat,Bardoli,GJ-SOUTH-01,500000,Gujarati,Active
DLR-REG-2497,Bharat Krushi Krushi Kendra (Olpad),Haresh Verma,+91 98987 94984,dealer_2497@gmail.com,Surat,Olpad,GJ-SOUTH-01,1000000,English,Active
DLR-REG-2498,Green Earth Krushi Kendra (Una),Hasmukh Patel,+91 98402 39468,dealer_2498@kisanagro.in,Junagadh,Una,GJ-SAURASHTRA-02,350000,Gujarati,Active
DLR-REG-2499,Vrundavan Krushi Kendra (Visavadar),Hasmukh Zala,+91 99662 35813,dealer_2499@kisanagro.in,Junagadh,Visavadar,GJ-SAURASHTRA-02,750000,English,Active
DLR-REG-2500,Bharat Krushi Krushi Kendra (Bardoli),Mukesh Savaliya,+91 98489 97063,dealer_2500@gmail.com,Surat,Bardoli,GJ-SOUTH-01,750000,Gujarati,Active
